Date,Type,Journal,Language post,Field,Link,DOI,Likes,Comments,Shares,Altmetric,Twitter,Facebook,Blogs,Mendeley,Observ.,Other Altmetric/Lang paper
Apr/18/2016,Notícia,Elife,pt,Editoração,http://blog.scielo.org/blog/2017/04/18/resumos-de-pesquisa-em-linguagem-simples-algo-para-todos-originalmente-publicado-no-elife/#.Wek3hBNSx3k, ,51,2,48,0,0,0,0,,"Link p/blog em pt, en, es. Tradução de post do eLife. 127 likes FB no blog.",
Apr/3/2017,Nota,Scielo,pt,Newsletter,http://scielo.us4.list-manage.com/subscribe?u=f26dcf71797dd37381acb4aa5&id=815cbad617, ,5,0,0,,,,0,,,
Apr/7/2017,Notícia,Scielo,pt,Cientometria,http://blog.scielo.org/blog/2017/04/07/estamos-no-radar-do-gsm/#.WekydBNSx3k, ,52,5,52,0,0,0,0,,Link p/blog. Comentários 2 sugestão. Blog 109 likes.,
Aug/11/2017,Notícia,Scielo,pt,Política C&T,http://blog.scielo.org/blog/2017/08/11/a-ciencia-e-fundamentalmente-um-empreendimento-coletivo-esta-coletividade-deve-ser-reconhecida-mais-explicitamente/#.WfDoEEyZN3k, ,46,2,32,0,0,0,0,0,"Link p/blog en,pt, es. 2 comments indicação.",Uso de imagens
Aug/2/2017,Notícia,Scielo,pt,Editoração,http://blog.scielo.org/blog/2017/08/02/texture-um-editor-de-manuscritos-cientificos-aberto-publicado-originalmente-no-periodico-elife-em-julho2017/#.We_L4xNSx3k, ,53,3,8,0,0,0,0,0,"Link p/blog en, pt, es. 32 comments indicação. 283 likes FB blog.",
Aug/29/2017,Notícia,Scielo,pt,Evento,http://blog.scielo.org/blog/2017/08/29/persistencia-e-normalizacao-dos-dados-dominaram-a-agenda-do-iii-curso-de-atualizacao-scielo-scholarone/#.WfDykUyZN3k, ,18,1,0,0,0,0,0,0,"Link p/blog en, pt, es. 81 likes FB blog.",
Aug/7/2017,Nota,Scielo,pt,Newsletter,http://scielo.us4.list-manage.com/subscribe?u=f26dcf71797dd37381acb4aa5&id=815cbad617, ,8,1,1,0,0,0,0,0,Comment indicação.,
Feb/1/2017,Notícia,,pt,Editoração,http://blog.scielo.org/blog/2017/02/01/preprints-o-caminho-a-seguir-para-o-compartilhamento-rapido-e-aberto-do-conhecimento/#.WekX7BNSx3k, ,14,0,11,,,,0,,Link p/blog. 125 likes FB,
Feb/13/2017,release,Ágora: Estudos em Psicanálise,pt,Medicina,http://humanas.blog.scielo.org/blog/2017/02/13/cultura-politica-e-psicanalise-sao-temas-discutidos-pelo-periodico-agora/, ,4,0,0,,,,0,,Link p/blog. Blog link p/edição,
Feb/6/2017,Nota,,pt,Newsletter,http://scielo.us4.list-manage.com/subscribe?u=f26dcf71797dd37381acb4aa5&id=815cbad617, ,3,0,0,,,,0,,,
Feb/8/2017,Notícia,,pt,Editoração,http://blog.scielo.org/blog/2017/02/08/avaliacao-sobre-a-reprodutibilidade-de-resultados-de-pesquisa-traz-mais-perguntas-que-respostas/#.WekcQBNSx3k, ,8,0,3,,,,0,,Link p/blog. 30 likes no blog,
Jan/10/2017,Notícia,,pt,Editoração,http://blog.scielo.org/blog/2017/01/10/aumenta-a-adocao-de-avaliacao-por-pares-aberta/#.WekE0BNSx3k, ,38,6,28,,,,0,,Link p/blog. 4 comentários e 3 indicações,
Jan/16/2017,Notícia,The Conversation,pt,Cientometria,http://blog.scielo.org/blog/2017/01/16/cinco-coisas-a-serem-consideradas-ao-projetar-uma-politica-para-medir-o-impacto-da-pesquisa-originalmente-publicado-no-the-conversation/#.WekT1xNSx3k, ,35,0,12,,,,0,,Link p/blog. Reprodução post The Conversation. Links in es/en/pt,
Jan/24/2017,Notícia,,,Editoração,http://blog.scielo.org/blog/2017/01/24/estudo-avalia-fontes-de-financiamento-para-pagamento-de-taxas-de-processamento-de-artigos-em-acesso-aberto/#.WekVwRNSx3k, ,19,1,8,,,,0,,,
Jan/6/2017,Nota,,pt,Newsletter,http://scielo.us4.list-manage.com/subscribe?u=f26dcf71797dd37381acb4aa5&id=815cbad617, ,7,0,0,,,,0,,,
Jul/10/2017,Nota,Scielo,pt,Newsletter,http://scielo.us4.list-manage.com/subscribe?u=f26dcf71797dd37381acb4aa5&id=815cbad617, ,10,0,0,0,0,0,0,0,,
Jul/20/2017,Notícia,Scielo,pt,Editoração,http://blog.scielo.org/blog/2017/07/20/etica-editorial-outros-tipos-de-plagio-e-contando/#.We_F1hNSx3k, ,145,4,171,0,0,0,0,0,Link p/blog. 1k like FB blog.,
Jul/21/2017,Release,Ensaio: Avaliação e Políticas Públicas em Educação,pt,Educação,http://humanas.blog.scielo.org/blog/2017/07/21/fatores-socioeconomicos-ainda-influenciam-fortemente-a-eficiencia-educacional/, ,10,0,2,0,0,0,0,0,Link p/blog. 16 likes blog. Link p/4 artigos. Ultimos 2 artigos não são da Ensaio,
Jul/26/2017,Notícia,Scielo,pt,Editoração,http://blog.scielo.org/blog/2017/07/26/como-sera-a-avaliacao-por-pares-em-2030/#.We_LIhNSx3k, ,85,1,60,0,0,0,0,0,"Link p/blog en, pt, es. 345 likes FB blog.",
Jun/1/2017,Notícia,Scielo,pt,Cientometria,http://blog.scielo.org/blog/2017/06/01/a-miopia-dos-indicadores-bibliometricos/#.We5HOYZrx3k, ,125,7,191,0,0,0,0,0,Link p/blog. 1.3K likes FB no blog.,
jun/14/2017,Notícia,Scielo,pt,evento,http://blog.scielo.org/blog/2017/06/14/scielo-20-anos-26-28-setembro-2018/#.We-YQRNSx3k, ,83,1,24,0,0,0,0,0,comment indicação.,
Jun/29/2017,Notícia,Scielo,pt,Editoração,http://blog.scielo.org/blog/2017/06/29/o-papel-dos-editores-na-avaliacao-por-pares-como-identificar-maus-pareceristas/#.We-6vhNSx3k, ,54,5,45,0,0,0,0,0,"Link p/blog en, pt, es. 3 comments indicação. 456 likes FB no blog",
Mar/14/2017,Notícia,,pt,Editoração,http://blog.scielo.org/blog/2017/03/14/internacionalizacao-como-indicador-de-desempenho-de-periodicos-do-brasil-o-caso-da-psicologia/#.WekmlBNSx3k, ,39,0,22,,,,0,,Link p/blog. Blog 158 likes FB.,
Mar/31/2017,Notícia,,pt,Editoração,http://blog.scielo.org/blog/2017/03/31/eu-escrevi-isso-eu-nao-escrevi-isso-agora-escrevo-outra-coisa/#.Wekt8BNSx3k, ,25,0,12,,,,0,,"Link p/blog pt, en, es.  ",
Mar/6/2017,Nota,,pt,Newsletter,http://scielo.us4.list-manage.com/subscribe?u=f26dcf71797dd37381acb4aa5&id=815cbad617, ,3,0,0,,,,0,,,
May/10/2017,Notícia,Scielo,pt,Gênero,http://blog.scielo.org/blog/2017/05/10/persistem-as-disparidades-de-genero-na-ciencia-a-despeito-dos-significativos-avancos/#.We49cYZrx3k, ,35,1,17,0,0,0,0,0,Link p/blog. Blog 128 likes FB. Notícias da Lilian Nassi-Calò são pop. Dados pesquisa mulheres autoras da Elsevier.,
May/17/2017,Notícia,Scielo,pt,Editoração,http://blog.scielo.org/blog/2017/05/17/propostas-de-financiamento-a-pesquisa-enviadas-ao-nih-podem-citar-preprints/#.We5APYZrx3k, ,4,0,0,0,0,0,0,0,Link p/blog. 23 likes FB blog.,
May/2/2017,Nota,,pt,Newsletter,http://eepurl.com/CmTs5, ,6,0,0,0,0,0,0,0,Link p/ blog. Blog link p/ edição,
May/2/2017,Notícia,Scielo,pt,Editoração,http://blog.scielo.org/blog/2017/05/02/abertura-e-a-unica-qualidade-de-um-artigo-cientifico-que-pode-ser-objetivamente-aferida/#.We45u4Zrx3k, ,72,2,72,0,0,0,0,0,"Link p/ blog. Comentários no FB indicação. Postagem em pt, traduzida da original em inglês do Blog Scielo Perspectivas.",
May/26/2017,Notícia,Scielo,pt,Editoração,http://blog.scielo.org/blog/2017/05/26/como-encontrar-artigos-em-acesso-aberto-dicas-do-meu-nerd-favorito/#.We5CmoZrx3k, ,143,4,228,0,0,0,0,0,"Link p/blogs em en, pt, es. Blog 928 ikes FB. Dicas p/ acessar acesso aberto",
Oct/2/2017,Nota,Scielo,pt,Newsletter,http://eepurl.com/CmTs5, ,6,0,0,0,0,0,0,0,,
Oct/5/2017,Notícia,Scielo,pt,C.Informação,http://blog.scielo.org/blog/2017/10/05/aos-50-anos-a-bireme-esta-face-a-face-com-a-nova-biblioteconomia/#.WfJs3mhSzIU, ,12,0,0,0,0,0,0,0,"Link p/blog em, pt, es.",
Sep/13/2017,Notícia,Scielo,pt,Evento,http://blog.scielo.org/blog/2017/09/13/o-center-for-open-science-alternativa-para-a-elsevier-anuncia-novo-servico-de-preprints/#.WfIfQmhSzIU, ,18,2,5,0,0,0,0,0,"Link p/blog pt,en,es. 37 likes FB blog. 1 comment indicação",pt
Sep/20/2017,Notícia,Scielo,pt,Editoração,http://blog.scielo.org/blog/2017/09/20/avaliacao-por-pares-recomendacoes-dos-periodicos-aos-pareceristas/#.WfIiG2hSzIU, ,18,0,12,0,0,0,0,0,"Link p/blog en,pt,es. 36 likes FB blog.",
Sep/27/2017,Notícia,Scielo,pt,,http://blog.scielo.org/blog/2017/09/27/nos-temos-a-tecnologia-para-salvar-a-avaliacao-por-pares-agora-compete-as-nossas-comunidades-implementa-las-publicado-originalmente-no-blog-lse-impact-of-social-sciences-em-setembro2017/#.WfIk8GhSzIU, ,7,0,0,,,,,,"Link p/blog pt, em, es.  11 likes FB blog.",pt
Jun/2/2017,Release,Ciência Rural,pt,Agronomia,https://pressreleases.scielo.org/blog/2017/06/02/pesquisa-testa-a-soroconversao-de-caes-imunizados-com-as-vacinas-leishmune-e-leish-tec-nos-testes-do-ministerio-da-saude/#.We-VuhNSx3k, 10.1590/0103-8478cr20160846,3,0,1,0,0,0,0,0,"Link p/blog em en, pt. Blog 6 likes FB. Artigo em en.",
Sep/21/2017,Release,Ciência Rural,pt,Agronomia,https://pressreleases.scielo.org/blog/2017/09/21/pesquisa-apresenta-composicao-de-solucoes-eletroliticas-orais-comerciais-utilizadas-no-tratamento-de-bezerros-neonatos/#.WfIiiGhSzIU, 10.1590/0103-8478cr20170140,7,0,3,0,0,0,0,0,"Link p/blog em, pt. 11 likes FB blog. Doi sem link",english
Mar/20/2017,release,Cadernos EBAPE – CEBAPE,pt,Administração,http://humanas.blog.scielo.org/blog/2017/03/20/pesquisa-analisa-uso-da-teoria-das-representacoes-sociais-trs-nos-estudos-organizacionais-eo/, 10.1590/1679-395155900,9,1,3,0,,,0,,Link p/blog. Blog 51 likes.,
Oct/24/2017,Release,urbe: Revista de Gestão Urbana,pt,Arquitetura,http://humanas.blog.scielo.org/blog/2017/10/24/cidade-vertical-a-logica-de-localizacao-em-um-sistema-urbano/, 10.1590/2175-3369.009.003.ao03,6,0,0,6,0,0,1 Scielo,0,,pt
Sep/29/2017,Release,Educação & Realidade – EDREA,pt,Editoração,http://humanas.blog.scielo.org/blog/2017/09/29/o-estudo-da-linguagem-da-geografia-no-ensino-fundamental/, 10.1590/2175-623656967,11,4,1,6,0,0,1 Scielo,0,Link p/ blog. 3 comments indicação. 29 likes FB blog.,
Aug/31/2017,Release,Revista de Administração de Empresas - RAC,pt,Administração,http://humanas.blog.scielo.org/blog/2017/08/31/como-o-empreendedorismo-pode-transformar-o-mundo/, 10.1590/s0034-759020170409,5,0,2,0,0,0,0,0,Link p/blog. 21 likes FB blog. Blog link p/5 artigos. Gif FB. Video blog.,Artigo repetido em Set 1
Sep/1/2017,Release,Revista de Administração de Empresas - RAC,pt,Administração,http://humanas.blog.scielo.org/blog/2017/09/01/periodicos-cientificos-brasileiros-e-o-dilema-publicar-ou-nao-em-ingles/, 10.1590/s0034-759020170409,59,1,36,0,0,0,0,0,Link p/blog.Blog link p/3 artigos. Um dos artigos já divulgado anteriormente. 107 likes FB blog.,Artigo repetido em 31 ago
Mar/14/2017,release,Boletim Museu Paraaense Emílio Goeldi; Ciências Humanas,pt,Ciências Humanas,http://humanas.blog.scielo.org/blog/2017/03/14/periodico-do-museu-recebe-nota-maxima-em-avaliacao-feita-pela-capes/, http://www.scielo.br/scielo.php?script=sci_issuetoc&pid=1981-812220160002&lng=en&nrm=iso,3,0,0,,,,0,,Link p/ blog. Blog p/2 edições,
Jul/24/2017,Release,Estudos de Literatura Brasileira Cntemporânea,pt,Literatura,http://humanas.blog.scielo.org/blog/2017/07/24/relacao-entre-literatura-e-etica-e-tema-da-estudos-de-literatura-brasileira-contemporanea/, http://www.scielo.br/scielo.php?script=sci_issuetoc&pid=2316-401820170002&lng=pt&nrm=iso,20,2,19,0,0,0,0,0,Link p/blog. 40 likes FB blog. 1 comment indicação. Link p/edição,
Oct/5/2017,Release,Revista de Administração (São Paulo) – RAUSP,pt,Administração,http://humanas.blog.scielo.org/blog/2017/10/05/sera-que-o-preco-e-o-principal-fator-na-escolha-do-combustivel-pelo-motorista/,10.1016/j.rausp.2017.05.003,4,1,1,6,0,0,1 Scielo,9,Link p/blog. 6 liks FB blog.,
Feb/13/2017,release,Revista Paulista de Pediatria – RPP,pt,Medicina,https://pressreleases.scielo.org/blog/2017/02/13/qual-o-efeito-possivel-da-interacao-com-palhacos-nos-sinais-vitais-e-na-comunicacao-nao-verbal-de-criancas-hospitalizadas/#.WekdwhNSx3k,10.1016/j.rppede.2016.02.011,5,2,0,0,,,0,,Link p/blog em pt; en. Comenários sugestão e resposta,
Jul/21/2017,Release,Ensaio: Avaliação e Políticas Públicas em Educação,pt,Educação,http://humanas.blog.scielo.org/blog/2017/07/21/fatores-socioeconomicos-ainda-influenciam-fortemente-a-eficiencia-educacional/,10.1108/09513540910926411,10,0,2,0,0,0,0,0,Link p/blog. 16 likes blog. Link p/4 artigos. Ultimos 2 artigos não são da Ensaio. Este artigo de acesso fechado,
Apr/25/2017,Editorial,Anais da ABC,pt,Editoração,http://blog.scielo.org/blog/2017/04/25/editores-de-periodicos-brasileiros-uma-vida-dura-que-esta-ficando-ainda-mais-dificil-publicado-originalmente-no-editorial-do-vol-89-no-1-nos-anais-da-academia-brasileira-de-ciencias/#.We4teoZrx3k,10.1590/0001-37652017891,41,3,40,12,5,3,1,4,"Link p/blog. 1 comment indicação. Blog 145 likes FB. Editorial em inglês traduzido p/port. Blog. Tweets em inglês, perfis brasileiros",
Jan/5/2017,Release,Dados Revista de Ciências Sociais,pt,Ciências Sociais,http://humanas.blog.scielo.org/blog/2017/01/05/como-explicar-o-comportamento-partidarizado-dos-principais-meios-de-comunicacao-do-brasil/,10.1590/00115258201678,20,4,2,2,1 en,1 journal,0,5,Link pro Blog. Comentário indicação para outras pessoas e resposta confirmando interesse,
Apr/28/2017,Release,Revista Brasileira de Política Internacional - RBPI,pt,Relações Internacionais,http://humanas.blog.scielo.org/en/2017/04/28/international-leadership-as-a-process-the-case-of-china-in-southeast-asia/,10.1590/0034-7329201600109,0,0,0,9,12,1,0,11,"Link p/ blog. Entrevista em inglês. 1 like FB blog. Altmtric FB do Centro de RI relacionado a revista. 19 tweets, 6 journal, 3 Mundorama, titulo + link en.",
Apr/24/2017,Release,Revista Brasileira de Política Internacional - RBPI,pt,Relações Internacionais,http://humanas.blog.scielo.org/blog/2017/04/24/a-relacao-entre-a-politica-externa-brasileira-e-a-cooperacao-tecnica-em-paises-africanos/,10.1590/0034-7329201600110,5,0,2,4,6,0,0,7,"Link p/blog. 6 likes FB no blog + video. Paper em inglês. Total 12 tweets, 6 journal, 2 Mundorama, 4 pessoas. Todos iguais, sharing link e título em inglês.",
Apr/27/2017,Release,Revista Brasileira de Política Internacional - RBPI,pt,Relações Internacionais,http://humanas.blog.scielo.org/blog/2017/04/27/a-politica-externa-brasileira-na-governanca-da-internet/,10.1590/0034-7329201600111,1,0,0,16,19,0,0,4,"Link p/ blog. 28 tweets de 19 users, 7 journal, 3 Mundorama, 5 pt, 1 Fr",
Apr/26/2017,Release,Revista Brasileira de Política Internacional - RBPI,pt,Relações Internacionais,http://humanas.blog.scielo.org/blog/2017/04/26/como-a-ideologia-afeta-as-atitudes-dos-paises-latino-americanos-com-relacao-aos-estados-unidos/,10.1590/0034-7329201600112,3,0,0,5,7,0,0,3,"Link p/blog. 4 likes FB bog.  15 tweets, 8 jounral, 2 Mundorama, todos em En.",
Apr/28/2017,Release,Revista Brasileira de Política Internacional - RBPI,pt,Relações Internacionais,http://humanas.blog.scielo.org/blog/2017/04/28/politizando-a-politica-externa-financeira-entrevista-com-rubens-de-siqueira-duarte-e-maria-regina-soares-de-lima/,10.1590/0034-7329201600113,0,0,0,5,7,0,0,4,"Link p/ blog. Entrevista em inglês. 1 like FB blog. 17 tweets, 9 journal, 3 Mundorama, all en.",
Apr/28/2017,Release,Revista Brasileira de Política Internacional - RBPI,en,Relações Internacionais,http://humanas.blog.scielo.org/en/2017/04/28/currency-wars-remain-beyond-the-analytical-reach-of-legal-scholars-in-the-age-of-globalization/,10.1590/0034-7329201600114,0,0,0,6,8,0,0,5,"Link p/blog. 1 like FB blog. 18 tweets, 9 journal, 3 Mundorama, 2RT, all en. Titulo+link.",
Apr/25/2017,Release,Revista Brasileira de Política Internacional - RBPI,pt,Relações Internacionais,http://humanas.blog.scielo.org/blog/2017/04/25/uma-avaliacao-comparativa-dos-parlamentos-de-integracao-na-america-latina-os-casos-do-parlasur-parlandino-e-parlatino/,10.1590/0034-7329201600115,6,2,0,9,12,0,0,4,"Link p/blog. 29 likes FB no blog. DOI não tem link. 26 tweets, 11 journal, 3 Mundorama, apenas 1 em port. 6 RT, titulo + link ",
Apr/26/2017,Release,Revista Brasileira de Política Internacional - RBPI,pt,Relações Internacionais,http://humanas.blog.scielo.org/blog/2017/04/26/entrevista-com-marcelo-santos-aborda-justica-global-e-governanca-ambiental/,10.1590/0034-7329201600116,3,0,0,0,0,0,0,0,Link p/blog. Paper em en. 5 likes no blog.,
Apr/27/2017,Release,Revista Brasileira de Política Internacional - RBPI,pt,Relações Internacionais,http://humanas.blog.scielo.org/blog/2017/04/27/a-parceria-estrategica-entre-brasil-e-uniao-europeia-uma-mudanca-de-foco/,10.1590/0034-7329201600117,4,0,0,12,14,3,0,5,"Link p/blog. 5 likes FB blog. 23 tweets, 3 Mundorama, 2 journal, 8RT. FB 5 posts, 3 users 2 RBPI, 2 Centro de Estudos de Rel. Int. Brasil Cont.",1 Google +
Jul/26/2017,Release,Revista de Administração Pública - RAP,pt,Administração,http://humanas.blog.scielo.org/blog/2017/07/26/a-reforma-gerencial-como-uma-forma-de-legitimar-o-estado-social/,10.1590/0034-7612166376,6,0,1,0,0,0,0,0,Link p/ blog. 11 likes blog.,
Feb/3/2017,release,Manuscrito,en,filosofia,http://humanas.blog.scielo.org/blog/2017/02/01/new-volume-of-manuscrito-brings-novel-contributions-to-a-wide-variety-of-topics-in-philosophy-2/,10.1590/0100-6045.2016.V39N1.BM,2,0,2,0,,,0,,Link p/blog. Post p/ 5 papers em inglês. 3 likes FB no blog,
Feb/3/2017,release,Manuscrito,en,Filosofia,http://humanas.blog.scielo.org/blog/2017/02/01/new-volume-of-manuscrito-brings-novel-contributions-to-a-wide-variety-of-topics-in-philosophy-2/,10.1590/0100-6045.2016.V39N1.FM,2,0,2,0,,,0,,Link p/blog. Post p/ 5 papers em inglês. 3 likes FB no blog,
Feb/3/2017,release,Manuscrito,en,Filosofia,http://humanas.blog.scielo.org/blog/2017/02/01/new-volume-of-manuscrito-brings-novel-contributions-to-a-wide-variety-of-topics-in-philosophy-2/,10.1590/0100-6045.2016.V39N1.FRH,2,0,2,0,,,0,,Link p/blog. Post p/ 5 papers em inglês. 3 likes FB no blog,
Feb/3/2017,release,Manuscrito,en,filosofia,http://humanas.blog.scielo.org/blog/2017/02/01/new-volume-of-manuscrito-brings-novel-contributions-to-a-wide-variety-of-topics-in-philosophy-2/,10.1590/0100-6045.2016.V39N1.MA,2,0,2,0,,,0,,Link p/blog. Post p/ 5 papers em inglês. 3 likes FB no blog,
Feb/3/2017,release,Manuscrito,en,filosofia,http://humanas.blog.scielo.org/blog/2017/02/01/new-volume-of-manuscrito-brings-novel-contributions-to-a-wide-variety-of-topics-in-philosophy-2/,10.1590/0100-6045.2016.V39N1.PM,2,0,2,0,,,0,,Link p/blog. Post p/ 5 papers em inglês. 3 likes FB no blog,
Jan/2/2017,Release,Ciência Rural,Pt,Agronomia,https://pressreleases.scielo.org/blog/2017/01/02/pesquisa-descreve-fisiologia-da-especie-florestal-dimorphandra-garneriana/#.Wej4BBNSx3k,10.1590/0103-8478cr20120792,11,0,0,1,0,1 journal,0,0,Link pro Blog,
Jan/26/2017,release,Ciência Rural,pt,Agronomia,https://pressreleases.scielo.org/blog/2017/01/26/pesquisa-avalia-padroes-de-crescimento-de-potros-da-raca-crioula/#.WekXYRNSx3k,10.1590/0103-8478cr20150989 ,3,0,0,1,1 pt,1 journal,0,0,"Link tp/blog. Links in pt, en",
Jan/4/2017,Release,Ciência Rural,pt,Agronomia,https://pressreleases.scielo.org/blog/2017/01/04/estudo-mostra-que-silagem-de-colostro-pode-ser-utilizado-com-seguranca-microbiologica-na-alimentacao-animal/#.Wej46RNSx3k,10.1590/0103-8478cr20160393,6,2,0,1,1 pt,1 journal,0,11,Link pro Blog. Comenteario indicação para outras pessoas,
May/4/2017,Release,Ciência Rural,pt,Agronomia,https://pressreleases.scielo.org/blog/2017/05/04/pesquisa-avalia-a-viabilidade-economica-do-uso-do-confinamento-para-a-terminacao-de-novilhos/#.We464oZrx3k,10.1590/0103-8478cr20160516,2,0,1,1,1,1 journal,0,4,Link p/ blog. Blog link p/ edição. 1 tweet pt. 4 likes blog.,
Jul/20/2017,Release,Ciência Rural,pt,Agronomia,https://pressreleases.scielo.org/blog/2017/07/19/perfil-de-acido-graxo-de-carne-de-cordeiros-pode-ser-mudado-de-acordo-com-a-alimentacao/#.We_FRRNSx3k,10.1590/0103-8478cr20160533,4,0,0,0,0,0,0,0,"Link p/blog en, pt. 5 likes FB blog. ",Artigo en
Jan/18/2017,release,Ciência Rural,pt,Agronomia,https://pressreleases.scielo.org/blog/2017/01/18/pesquisa-testa-real-contribuicao-do-carater-stay-green-em-trigos-brasileiros/#.WekUwBNSx3k,10.1590/0103-8478cr20160583,3,0,0,1,0,1 journal,0,1,Link p/blog em pt e en.,
Jul/21/2017,release,Ciência Rural,pt,Agronomia,https://pressreleases.scielo.org/blog/2017/07/21/estudo-aponta-oleos-essenciais-como-alternativa-promissora-no-controle-da-doenca-bolha-seca/#.We_HlxNSx3k,10.1590/0103-8478cr20160780,4,0,0,1,1,0,0,0,Link p/blog. 59 likes blog. Tweet pt.,Artigo en
Sep/15/2017,Release,Ciência Rural,pt,Agronomia,https://pressreleases.scielo.org/blog/2017/09/15/pesquisa-aponta-a-viabilidade-de-micrornas-como-biomarcadores-de-doencas-cardiacas-em-caes-e-gatos/#.WfIgpWhSzIU,10.1590/0103-8478cr20161059,7,0,0,0,0,0,0,0,"Link p/blog en, pt. 10 likes FB blog. Doi sem link.",english
Sep/4/2017,Release,Ciência Rural,pt,Agronomia,https://pressreleases.scielo.org/blog/2017/09/04/pesquisa-testa-a-frequencia-de-eliminacao-de-leptospiras-na-urina-em-vacas-e-ovelhas/#.WfIcLmhSzIU,10.1590/0103-8478cr20170088,2,0,0,0,0,0,0,0,"Link p/blog em, pt. 3 likes FB blog. Doi sem link",english
Oct/9/2017,Release,Ciência Rural,pt,Agronomia,https://pressreleases.scielo.org/blog/2017/10/09/estudo-identifica-perfil-de-granjas-que-possuem-o-acaro-megninia-spp-em-seus-galpoes/#.WfJtRWhSzIU,10.1590/0103-8478cr20170186,7,0,1,0,0,0,0,0,"Link p/blog em, pt. 8 likes blog. Doi sem link.",english
Jun/28/2017,Release,Cadernos Pagu,pt,Gênero,http://humanas.blog.scielo.org/blog/2017/06/28/concepcoes-de-vida-concepcoes-de-pessoa-debates-sobre-tecnologias-reprodutivas-e-aborto-no-brasil-e-na-argentina/,10.1590/0104-8333201400420013,10,0,15,0,0,0,0,0,Link p/blog. 53 likes FB Blog. Link p/5 artigos  Video. Semana Especial CPA,
May/30/2017,Release,Varia Historia,pt,História,http://humanas.blog.scielo.org/blog/2017/05/30/leituras-de-a-cabana-do-pai-tomas-no-brasil-escravista/,10.1590/0104-87752017000100009,3,0,0,0,0,0,0,0,Link p/blog. 4 likes FB no blog.,
Jul/10/2017,Release,Revista de Nutrição,pt,Nutrição,https://pressreleases.scielo.org/blog/2017/07/10/que-periodicos-cientificos-brasileiros-publicam-sobre-o-tema-nutricao-como-eles-sao-avaliados-pela-capes/#.We-_JhNSx3k,10.1590/1678-98652017000200001,32,5,11,0,0,0,0,0,"Link p/blog en, pt, es. 5 comments indicação. 53 likes FB no blog",Artigo en
Jul/20/2017,Release,Revista de Nutrição,pt,Nutrição,https://pressreleases.scielo.org/blog/2017/07/20/pratica-insuficiente-de-atividade-fisica-e-fator-de-risco-para-sarcopenia-e-obesidade-sarcopenica/#.We_HKxNSx3k,10.1590/1678-98652017000200003,28,3,2,0,0,0,0,0,Link p/blog. 2 comments indicação. 37 likes FB blog.,
Jul/12/2017,Release,Revista de Nutrição,pt,Nutrição,https://pressreleases.scielo.org/blog/2017/07/12/mais-tempero-no-canteiro-mais-frutas-legumes-e-verduras-a-mesa/#.We_AxxNSx3k,10.1590/1678-98652017000200009,19,2,3,0,0,0,0,0,"Link p/blog en, pt, es. 2 comment indicação. 28 likes FB no blog",
Sep/1/2017,Release,Revista de Nutrição,Pt,Nutrição,https://pressreleases.scielo.org/blog/2017/09/01/estudo-aponta-alternativa-promissora-para-avaliacao-nutricional-subjetiva-em-criancas-com-cancer-no-brasil/#.WfIa6mhSzIU,10.1590/1678-98652017000300004,6,0,1,0,0,0,0,0,Link/blog. 7 likes FB blog.,english
Sep/5/2017,Release,Revista de Nutrição,pt,Nutrição,https://pressreleases.scielo.org/blog/2017/09/05/informacoes-nutricionais-em-restaurantes-qual-o-modelo-preferido-no-brasil-e-no-reino-unido/#.WfIc22hSzIU,10.1590/1678-98652017000300005,4,0,1,0,0,0,0,0,"Link p/blog em, pt. 11 likes FB blog. Doi sem link",english
Aug/22/2017,Release,Revista de Nutrição,pt,Nutrição,https://pressreleases.scielo.org/blog/2017/08/22/tempo-de-tela-televisao-videogame-celular-computador-e-padrao-alimentar-influenciam-a-obesidade-em-adolescentes/#.WfDq6UyZN3k,10.1590/1678-98652017000300010,4,0,0,0,0,0,0,0,Link p/blog. 6 likes FB blog. Post en.,
Oct/24/2017,Release,Revista de Nutrição,pt,Nutrição,https://pressreleases.scielo.org/blog/2017/10/24/mulheres-gravidas-com-excesso-de-peso-e-seus-filhos-estao-mais-expostos-aos-efeitos-adversos-do-baixo-consumo-de-acido-graxo-alfa-linolenico/#.WfJzsWhSzIU,10.1590/1678-98652017000400004,8,1,0,0,0,0,0,0,Link p/ blog. 15 likes FB blog. 1 comment indicação. Doi sem link.,pt
Oct/11/2017,Release,Revista de Nutrição,pt,Nutrição,https://pressreleases.scielo.org/blog/2017/10/11/o-que-os-adolescentes-brasileiros-estao-comendo-no-cafe-da-manha/#.WfJuumhSzIU,10.1590/1678-98652017000400006,16,1,2,0,0,0,0,0,Link p/ blog. 23 likes FB blog. Doi sem link. Comment indicação.,english
Jan/6/2017,Release,Opinião Pública,pt,Ciências Políticas,http://humanas.blog.scielo.org/blog/2017/01/06/politicas-publicas-movimentos-sociais-e-plataformas-online-sao-alguns-dos-temas-de-opiniao-publica/,10.1590/1807-01912016222219,5,0,2,0,,,0,,"Link pro Blog. No blog link para 9 artigos, post sobre edição",
Jan/6/2017,Release,Opinião Pública,pt,Ciências Políticas,http://humanas.blog.scielo.org/blog/2017/01/06/politicas-publicas-movimentos-sociais-e-plataformas-online-sao-alguns-dos-temas-de-opiniao-publica/,10.1590/1807-01912016222250,5,0,2,0,,,0,,"Link pro Blog. No blog link para 9 artigos, post sobre edição",
Jan/6/2017,Release,Opinião Pública,pt,Ciências Políticas,http://humanas.blog.scielo.org/blog/2017/01/06/politicas-publicas-movimentos-sociais-e-plataformas-online-sao-alguns-dos-temas-de-opiniao-publica/,10.1590/1807-01912016222286,5,0,2,0,,,0,,"Link pro Blog. No blog link para 9 artigos, post sobre edição",
Jan/6/2017,Release,Opinião Pública,pt,Ciências Políticas,http://humanas.blog.scielo.org/blog/2017/01/06/politicas-publicas-movimentos-sociais-e-plataformas-online-sao-alguns-dos-temas-de-opiniao-publica/,10.1590/1807-01912016222318,5,0,2,1,1 links,0,0,4,"Link pro Blog. No blog link para 9 artigos, post sobre edição",
Jan/6/2017,Release,Opinião Pública,pt,Ciências Políticas,http://humanas.blog.scielo.org/blog/2017/01/06/politicas-publicas-movimentos-sociais-e-plataformas-online-sao-alguns-dos-temas-de-opiniao-publica/,10.1590/1807-01912016222350,5,0,2,1,1 sp,0,0,4,"Link pro Blog. No blog link para 9 artigos, post sobre edição",
Jan/6/2017,Release,Opinião Pública,pt,Ciências Políticas,http://humanas.blog.scielo.org/blog/2017/01/06/politicas-publicas-movimentos-sociais-e-plataformas-online-sao-alguns-dos-temas-de-opiniao-publica/,10.1590/1807-01912016222385,5,0,2,0,,,0,,"Link pro Blog. No blog link para 9 artigos, post sobre edição",
Jan/6/2017,Release,Opinião Pública,pt,Ciências Políticas,http://humanas.blog.scielo.org/blog/2017/01/06/politicas-publicas-movimentos-sociais-e-plataformas-online-sao-alguns-dos-temas-de-opiniao-publica/,10.1590/1807-01912016222418,5,0,2,0,,,0,,"Link pro Blog. No blog link para 9 artigos, post sobre edição",
Jan/6/2017,Release,Opinião Pública,pt,Ciências Políticas,http://humanas.blog.scielo.org/blog/2017/01/06/politicas-publicas-movimentos-sociais-e-plataformas-online-sao-alguns-dos-temas-de-opiniao-publica/,10.1590/1807-01912016222446,5,0,2,0,,,0,,"Link pro Blog. No blog link para 9 artigos, post sobre edição",
Jan/6/2017,Release,Opinião Pública,pt,Ciências Políticas,http://humanas.blog.scielo.org/blog/2017/01/06/politicas-publicas-movimentos-sociais-e-plataformas-online-sao-alguns-dos-temas-de-opiniao-publica/,10.1590/1807-01912016222466,5,0,2,0,,,0,,"Link pro Blog. No blog link para 9 artigos, post sobre edição",
Jun/6/2017,release,Brazilian Administration Review,en,Administração,http://humanas.blog.scielo.org/en/2017/06/06/how-do-an-individuals-social-network-self-monitoring-and-future-orientation-relate-to-ethical-decision-making-2/,10.1590/1807-7692bar2017160091.,7,0,2,0,0,0,0,0,"Link p/blog.  Post, blog, paper en. 2 likes FB blog. 9 likes FB blog.",
May/15/2017,Release,Brazilian Administration Review,en,Administração,http://humanas.blog.scielo.org/en/2017/05/15/how-do-an-individuals-social-network-self-monitoring-and-future-orientation-relate-to-ethical-decision-making/,10.1590/1807-7692bar2017160093,3,0,0,0,0,0,0,0,"Link p/blog en, 4 likes FB blog, post em en.",
May/8/2017,Release,Revista Contabilidade & Finanças – RCF,pt,Contabilidade,http://humanas.blog.scielo.org/blog/2017/05/08/a-dificil-relacao-entre-teoria-academica-e-pratica-popular-na-contabilidade/,10.1590/1808-057×201790160,2,0,0,0,0,0,0,0,Link p/blog. Blog 3 likes. Artigo em pt.,
May/22/2017,Release,Ambiente & Sociedade,es,Meio Ambiente,http://humanas.blog.scielo.org/es/2017/05/22/mercantilizacion-del-agua-deterioro-ambiental-y-marginacion-social/,10.1590/1809-4422asoc0094r1v1942016.,2,0,1,0,0,0,0,0,Link p/ blog e post em espanhol. 46 likes FB blog. Blog link p/edição.,
Mar/7/2017,release,Ambiente & Sociedade,pt,Meio Ambiente,http://humanas.blog.scielo.org/blog/2017/03/06/conservacao-da-biodiversidade-em-pauta-nas-ciencias-sociais-como-aliar-desenvolvimento-humano-e-conservacao-ambiental/,10.1590/1809-4422ASOC130181V1932016,5,0,1,1,0,2,0,2,Link p/blog. 82 likes FB blog. Paper in english. 1 FB Altmetric do journal,
Sep/5/2017,Release,Ambiente & Sociedade,pt,Meio Ambiente,http://humanas.blog.scielo.org/blog/2017/09/05/pesquisa-analisa-acoes-de-educacao-ambiental-no-licenciamento-de-petroleo-e-discute-o-conceito-de-vulnerabilidade-socioambiental/,10.1590/1809-4422asoc20150057v2012017,10,2,15,1,0,2,0,2,"Link p/blog em, pt. 18 likes FB blog. Doi sem link. 1FB Altmetric do Journal, ambos pt.",english
Jun/28/2017,Release,Cadernos Pagu,pt,Gênero,http://humanas.blog.scielo.org/blog/2017/06/28/concepcoes-de-vida-concepcoes-de-pessoa-debates-sobre-tecnologias-reprodutivas-e-aborto-no-brasil-e-na-argentina/,10.1590/18094449201600470001,10,0,15,1,0,1,0,9,Link p/blog. 53 likes FB Blog. Link p/5 artigos  Video. Semana Especial CPA,
jun/27/2017,Release,Cadernos Pagu,pt,Gênero,http://humanas.blog.scielo.org/blog/2017/06/27/conservadorismo-religiao-e-politica-um-dialogo-entre-brasil-e-argentina/,10.1590/18094449201700500000.,14,2,79,0,0,0,0,0,Link p/blog. 1 Comment indicação. 229 likes FB Blog. Link p/4 artigos  Video. Semana Especial CPA,
jun/27/2017,Release,Cadernos Pagu,pt,Gênero,http://humanas.blog.scielo.org/blog/2017/06/27/conservadorismo-religiao-e-politica-um-dialogo-entre-brasil-e-argentina/,10.1590/18094449201700500001,14,2,79,0,0,0,0,0,Link p/blog. 1 Comment indicação. 229 likes FB Blog. Link p/4 artigos Video. Semana Especial CPA,
jun/27/2017,Release,Cadernos Pagu,pt,Gênero,http://humanas.blog.scielo.org/blog/2017/06/27/conservadorismo-religiao-e-politica-um-dialogo-entre-brasil-e-argentina/,10.1590/18094449201700500002,14,2,79,0,0,0,0,0,Link p/blog. 1 Comment indicação. 229 likes FB Blog. Link p/4 artigos  Video. Semana Especial CPA,
Jun/28/2017,Release,Cadernos Pagu,pt,Gênero,http://humanas.blog.scielo.org/blog/2017/06/28/concepcoes-de-vida-concepcoes-de-pessoa-debates-sobre-tecnologias-reprodutivas-e-aborto-no-brasil-e-na-argentina/,10.1590/18094449201700500004,10,0,15,0,0,0,0,0,Link p/blog. 53 likes FB Blog. Link p/5 artigos  Video. Semana Especial CPA,
Jun/28/2017,Release,Cadernos Pagu,pt,Gênero,http://humanas.blog.scielo.org/blog/2017/06/28/concepcoes-de-vida-concepcoes-de-pessoa-debates-sobre-tecnologias-reprodutivas-e-aborto-no-brasil-e-na-argentina/,10.1590/18094449201700500005,10,0,15,0,0,0,0,0,Link p/blog. 53 likes FB Blog. Link p/5 artigos  Video. Semana Especial CPA,
Jun/29/2017,Release,Cadernos Pagu,pt,Gênero,http://humanas.blog.scielo.org/blog/2017/06/29/a-producao-da-inteligibilidade-de-refugiados-e-de-vitimas-genero-sexualidade-direitos-e-narrativas-de-violencia/,10.1590/18094449201700500006,6,0,12,0,0,0,0,0,Link p/blog. 77 likes FB Blog. Link p/3 artigos  Video. Semana Especial CPA,
Jun/29/2017,Release,Cadernos Pagu,pt,Gênero,http://humanas.blog.scielo.org/blog/2017/06/29/a-producao-da-inteligibilidade-de-refugiados-e-de-vitimas-genero-sexualidade-direitos-e-narrativas-de-violencia/,10.1590/18094449201700500007,6,0,12,1,1,0,0,1,Link p/blog. 77 likes FB Blog. Link p/3 artigos  Video. Semana Especial CPA. Tweet pt,
Jun/29/2017,Release,Cadernos Pagu,pt,Gênero,http://humanas.blog.scielo.org/blog/2017/06/29/violencia-e-genero-novos-debates-antigos-dilemas/,10.1590/18094449201700500008,18,1,44,0,0,0,0,0,Link p/blog. 126 likes FB Blog. Link p/3 artigos  Video. 1 comment indicação. Semana Especial CPA,
Jun/28/2017,Release,Cadernos Pagu,pt,Gênero,http://humanas.blog.scielo.org/blog/2017/06/28/ideologia-de-genero-indice-de-um-fenomeno-politico-transnacional/,10.1590/18094449201700500009,15,1,60,12,13,0,0,2,"Link p/blog. 244 likes FB Blog. Video. Semana Especial CPA. Tweets em es, 12 RT. Total 15.",Artigo es
Jul/28/2017,Release,Brazilian Journal of Food Technology – BJFT,pt,Eng. Alimentos,https://pressreleases.scielo.org/blog/2017/07/28/extrato-de-propolis-como-antioxidante-natural-em-produto-carneo/#.We_LSBNSx3k,10.1590/1981-6723.3516,26,0,2,0,0,0,0,0,Link p/blog. 43 likes FB blog.,Artigo en
Feb/9/2017,Release,RGO – Revista Gaúcha de Odontologia,pt,Odontologia,https://pressreleases.scielo.org/blog/2017/02/09/eficacia-do-fluoreto-de-sodio-como-metodo-de-desinfeccao-dentes-humanos-extraidos/#.WekcpRNSx3k,10.1590/1981-8637201600030000103074,5,1,1,0,,,0,,Link p/blog. Comentário sugestão.,
Jan/24/2017,release,RGO – Revista Gaúcha de Odontologia,pt,Odontologia,https://pressreleases.scielo.org/blog/2017/01/24/como-e-o-comportamento-e-a-percepcao-dos-estudantes-de-odontologia-sobre-a-higiene-das-maos/#.WekWSxNSx3k,10.1590/1981-8637201600030000113044,7,0,1,0,,,0,,Link p/blog. Paper in English,
Feb/3/2017,release,RGO – Revista Gaúcha de Odontologia,pt,Odontologia,https://pressreleases.scielo.org/blog/2017/02/03/pigmentacao-nos-dentes-de-criancas-por-cariostatico-diminui-a-aceitacao-do-tratamento/#.WekZHxNSx3k,10.1590/1981-863720160003000013231,3,1,1,3,3,0,0,2,Link p/blog. Comentário sugestão. Paper in english,
Jun/29/2017,Release,RGO – Revista Gaúcha de Odontologia,pt,Odontologia,https://pressreleases.scielo.org/blog/2017/06/29/o-reflexo-do-bullying-na-autoestima-de-adolescentes-brasileiros/#.We-5-hNSx3k,10.1590/1981-863720170001000053304,6,2,1,0,0,0,0,0,Link p/blog. 1 comment indicação. 34 likes blog.,Artigo en
Jun/5/2017,release,RGO – Revista Gaúcha de Odontologia,pt,Odontologia,https://pressreleases.scielo.org/blog/2017/06/05/controle-glicemico-exerce-influencia-na-resposta-imunoinflamatoria-em-sitios-com-periodontite-cronica/#.We-WLxNSx3k,10.1590/1981-863720170001000063063,3,1,1,0,0,0,0,0,Link p/blog. Comentário indicação. 5 likes FB blog.,
May/31/2017,release,RGO – Revista Gaúcha de Odontologia,pt,Odontologia,https://pressreleases.scielo.org/blog/2017/05/31/condicoes-de-saude-bucal-e-caracteristicas-socio-comportamentais-de-gestantes-influenciam-o-desenvolvimento-e-experiencia-de-carie-em-criancas-de-4-anos/#.We5GsoZrx3k,10.1590/1981-863720170001000083221,2,0,1,0,0,0,0,0,Link p/blog. 5 likes FB no blog.,
Aug/17/2017,Release,RGO – Revista Gaúcha de Odontologia,pt,Odontologia,https://pressreleases.scielo.org/blog/2017/08/17/mulheres-jovens-e-dependentes-financeiramente-sao-maioria-entre-vitimas-de-agressao-domestica/#.WfDqBEyZN3k,10.1590/1981-863720170002000013245,10,1,1,0,0,0,0,0,Link p/blog. 13 likes FB Blog. DOI sem link,Artigo en
Aug/15/2017,Release,RGO – Revista Gaúcha de Odontologia,pt,Odontologia,https://pressreleases.scielo.org/blog/2017/08/15/bebe-prematuro-apresenta-dente-ao-nascimento/#.WfDo-0yZN3k,10.1590/1981-863720170002000103335,2,0,0,0,0,0,0,0,Link p/blog. 3 likes FB blog.,Artigo en
Jan/11/2017,release,Acta Paulista de Enfermagem,pt,Enfermagem,https://pressreleases.scielo.org/blog/2017/01/11/como-sera-o-aleitamento-materno-em-criancas-indigenas/#.WekGQBNSx3k,10.1590/1982-0194201600064,3,0,1,0,,,0,,Link p/blog. Link p/artigo em pt e en,
Mar/27/2017,release,Acta Paulista de Enfermagem,pt,Enfermagem,https://pressreleases.scielo.org/blog/2017/03/27/o-progresso-do-trabalho-de-parto-modifica-quando-as-parturientes-usam-o-banho-quente-e-a-bola-suica/#.Wekr2BNSx3k,10.1590/1982-0194201600096,6,2,6,1,0,2 journal,0,7,Link p/blog.,
jun/21/2017,Release,Acta Paulista de Enfermagem,pt,Enfermagem,https://pressreleases.scielo.org/blog/2017/06/21/complicacoes-em-pacientes-submetidos-a-procedimentos-neurocirurgicos/#.We-Y1xNSx3k,10.1590/1982-0194201700015,8,0,3,1,0,2,0,0,"Link p/blog. Altmetric mostra 1 ponto, mas não é possível acessar detalhes.",
Mar/24/2017,release,Estudos de Psicologia,pt,Psicologia,http://humanas.blog.scielo.org/blog/2017/03/24/linhas-que-nao-se-encontram-diferentes-perspectivas-da-psicologia-sobre-organizacoes-e-trabalho/,10.1590/1982-02752017000100003,4,0,0,0,,,0,,Link P/Blog. Blog 7 likes FB.,
Apr/7/2017,release,Estudos de Psicologia,pt,Psicologia,http://humanas.blog.scielo.org/blog/2017/04/07/terceirizacao-e-precarizacao-do-trabalho-na-politica-de-assistencia-social/,10.1590/1982-02752017000100005,11,0,12,0,0,0,0,,Link p/blog. Blog 15 likes FB.,
Apr/3/2017,Release,Estudos de Psicologia,pt,Psicologia,http://humanas.blog.scielo.org/blog/2017/04/03/precarizacao-do-trabalho-medico-no-sus/,10.1590/1982-02752017000100007,1,0,0,0,,,0,,Link p/Blog. Blog 26 likes FB.,
Aug/17/2017,Release,Estudos de Psicologia,pt,Psicologia,http://humanas.blog.scielo.org/blog/2017/08/17/a-espiritualidade-e-importante-para-pacientes-com-cancer-em-cuidados-paliativos/,10.1590/1982-02752017000200008,46,5,30,0,0,0,0,0,Link p/blog. 5 comments indicação. 99 likes FB blog.,
Aug/8/2017,Release,Estudos de Psicologia,pt,Psicologia,http://humanas.blog.scielo.org/blog/2017/08/07/como-a-prisao-pode-transformar-o-autoconceito-das-mulheres/,10.1590/1982-02752017000200011,14,2,2,0,0,0,0,0,Link p/blog. 86 likes FB blog.,Link DOI quebrado
May/25/2017,Release,Psicologia: Ciência e Profissão – PCP,pt,Psicologia,http://humanas.blog.scielo.org/blog/2017/05/24/estudo-teorico-da-depressao-em-adolescentes/,10.1590/1982-37030001712014.,20,1,13,0,0,0,0,0,Link p/blog. Blog 79 likes FB.,
Mar/7/2017,release,Psicologia: Ciência e Profissão – PCP,pt,Psicologia,http://humanas.blog.scielo.org/blog/2017/03/07/expansao-da-psicologia-no-transito/,10.1590/1982-3703002382016,9,0,2,0,,,0,,Link p/blog. Blog 15 likes FB.,
Apr/6/2017,Release,Machado de Assis em Linha – MAEL,pt,Literatura,http://humanas.blog.scielo.org/blog/2017/04/05/estudos-recuperam-producoes-poeticas-de-machado-de-assis/,10.1590/1983-682120169192,11,0,12,1,0,1 journal,0,0,"Link p/blog quebrado. Blog links p/ 2 artigos. Altmetric 1 mas não mostra detalhe, mas como nos putros deve ser do journal",
Apr/6/2017,Release,Machado de Assis em Linha – MAEL,pt,Literatura,http://humanas.blog.scielo.org/blog/2017/04/05/estudos-recuperam-producoes-poeticas-de-machado-de-assis/,10.1590/1983-682120169193,11,0,12,1,0,1 journal,0,0,Link p/blog quebrado. ,
Mar/31/2017,release,Machado de Assis em Linha – MAEL,pt,Literatura,http://humanas.blog.scielo.org/blog/2017/03/31/veredas-da-razao-e-da-loucura-em-machado-e-rosa/,10.1590/1983-682120169197,12,1,13,2,1,1 journal,0,0,Link p/blog. 27 likes FB no blog.,
Oct/18/2017,Release,Machado de Assis em Linha – MAEL,pt,Literatura,http://humanas.blog.scielo.org/blog/2017/10/18/mael-apresenta-dois-ensaios-pouco-conhecidos-de-antonio-candido-sobre-machado-de-assis/,10.1590/1983-6821201710211.,3,0,1,9,1,1 journal,1 Scielo,0,Link p/ blog. 4 likes FB blog. Tweet pt.,pt
Jul/11/2017,Release,Revista Paulista de Pediatria – RPP,pt,Medicina,https://pressreleases.scielo.org/blog/2017/07/11/impacto-da-dermatite-atopica-na-qualidade-de-vida-de-pacientes-pediatricos-e-seus-responsaveis/#.We-_phNSx3k,10.1590/1984-0462/;2017;35;1;00006,5,1,2,1,0,1,0,1,"Link p/blog en, pt, es. 1 comment indicação. 9 likes FB no blog",
Aug/30/2017,Release,Revista Paulista de Pediatria – RPP,pt,Medicina,https://pressreleases.scielo.org/blog/2017/08/30/anemia-em-criancas-assistidas-em-creches/#.WfD0AkyZN3k,10.1590/1984-0462/;2017;35;3;00008,13,0,2,1,0,1,0,2,Link p/blog. 17 likes FB blog. Doi sem link.,
Mar/9/2017,release,Revista Brasileira de Linguística Aplicada,pt,Linguística,http://humanas.blog.scielo.org/blog/2017/03/09/artigo-discute-o-uso-de-multimodalidade-no-ensino-de-ingles/,10.1590/1984-639820169877,5,0,0,0,,,0,,Link p/blog. Blog 76 likes FB. Paper in English.,
Jun/28/2017,Release,Cadernos Pagu,pt,Gênero,http://humanas.blog.scielo.org/blog/2017/06/28/concepcoes-de-vida-concepcoes-de-pessoa-debates-sobre-tecnologias-reprodutivas-e-aborto-no-brasil-e-na-argentina/,10.1590/1984-6487.sess.2014.18.05.a,10,0,15,0,0,0,0,0,Link p/blog. 53 likes FB Blog. Link p/5 artigos  Video. Semana Especial CPA,Artigo em es 
Jan/9/2017,release,"Sexualidad, Salud y Sociedad – Revista Latinoamericana ",pt,Saúde; Ciências Sociais,http://humanas.blog.scielo.org/blog/2017/01/09/violencia-e-cuidado-em-estudos-sobre-genero-e-sexualidade-sao-destaque-da-sexualidade-saude-e-sociedade-revista-latino-americana/,10.1590/1984-6487.sess.2016.23.02.a,10,2,2,0,,,0,,Link p/blog. Ediçnao link p/ 6 papers. Comentários sugestão de leitura e resposta concordando,
Jan/9/2017,release,"Sexualidad, Salud y Sociedad – Revista Latinoamericana ",pt,Saúde; Ciências Sociais,http://humanas.blog.scielo.org/blog/2017/01/09/violencia-e-cuidado-em-estudos-sobre-genero-e-sexualidade-sao-destaque-da-sexualidade-saude-e-sociedade-revista-latino-americana/,10.1590/1984-6487.sess.2016.23.03.a,10,2,2,0,,,0,,Link p/blog. Ediçnao link p/ 6 papers. Comentários sugestão de leitura e resposta concordando,
Jan/9/2017,release,"Sexualidad, Salud y Sociedad – Revista Latinoamericana ",pt,Saúde; Ciências Sociais,http://humanas.blog.scielo.org/blog/2017/01/09/violencia-e-cuidado-em-estudos-sobre-genero-e-sexualidade-sao-destaque-da-sexualidade-saude-e-sociedade-revista-latino-americana/,10.1590/1984-6487.sess.2016.23.04.a,10,2,2,0,,,0,,Link p/blog. Ediçnao link p/ 6 papers. Comentários sugestão de leitura e resposta concordando,
Jan/9/2017,release,"Sexualidad, Salud y Sociedad – Revista Latinoamericana ",pt,Saúde; Ciências Sociais,http://humanas.blog.scielo.org/blog/2017/01/09/violencia-e-cuidado-em-estudos-sobre-genero-e-sexualidade-sao-destaque-da-sexualidade-saude-e-sociedade-revista-latino-americana/,10.1590/1984-6487.sess.2016.23.05.a,10,2,2,0,,,0,,Link p/blog. Ediçnao link p/ 6 papers. Comentários sugestão de leitura e resposta concordando,
Jan/9/2017,release,"Sexualidad, Salud y Sociedad – Revista Latinoamericana ",pt,Saúde; Ciências Sociais,http://humanas.blog.scielo.org/blog/2017/01/09/violencia-e-cuidado-em-estudos-sobre-genero-e-sexualidade-sao-destaque-da-sexualidade-saude-e-sociedade-revista-latino-americana/,10.1590/1984-6487.sess.2016.23.06.a,10,2,2,0,,,0,,Link p/blog. Ediçnao link p/ 6 papers. Comentários sugestão de leitura e resposta concordando,
Jan/9/2017,release,"Sexualidad, Salud y Sociedad – Revista Latinoamericana ",pt,Saúde; Ciências Sociais,http://humanas.blog.scielo.org/blog/2017/01/09/violencia-e-cuidado-em-estudos-sobre-genero-e-sexualidade-sao-destaque-da-sexualidade-saude-e-sociedade-revista-latino-americana/,10.1590/1984-6487.sess.2016.23.07.a,10,2,2,0,,,0,,Link p/blog. Ediçnao link p/ 6 papers. Comentários sugestão de leitura e resposta concordando,
Oct/23/2017,Release,urbe: Revista de Gestão Urbana,pt,Arquitetura,http://humanas.blog.scielo.org/blog/2017/10/23/como-os-usuarios-podem-contribuir-na-producao-de-espacos-arquitetonicos-e-urbano/,10.1590/2175-3369.009.003.ao09,7,0,3,6,0,0,1 Scielo,0,"Link p/ blog. Video FB, blog.",pt
Oct/24/2017,Release,urbe: Revista de Gestão Urbana,pt,Arquitetura,http://humanas.blog.scielo.org/blog/2017/10/24/malha-ferroviaria-e-patrimonio-historico-e-cultural-uma-discussao-sobre-os-lugares-centrais/,10.1590/2175-3369.009.003.ao13,14,0,0,0,0,0,0,0,Link p/ blog. 20 likes FB blog. Video blog.,pt
Oct/25/2017,Release,urbe: Revista de Gestão Urbana,pt,Arquitetura,http://humanas.blog.scielo.org/blog/2017/10/25/neoliberalismo-e-a-transformacao-do-espaco-urbano/,10.1590/2175-3369.009.003.ao14,22,6,12,6,0,0,1 Scielo,0,Link p/ blog. 38 likes FB blog. Video blog. Blog link p/2 artigos. 5 Comments indicação,es
Feb/8/2017,Release,Educação & Realidade – EDREAL,pt,Educação,http://humanas.blog.scielo.org/blog/2017/02/08/desnaturalizacao-foucaultiana-na-escola/,10.1590/2175-623653313,9,1,0,0,,,0,,Link p/blog,
Jan/17/2017,release,Educação & Realidade – EDREAL,pt,Educação,http://humanas.blog.scielo.org/blog/2017/01/17/educacao-integral-versoes-tensoes-e-contradicoes/,10.1590/2175-623659843,9,0,2,0,,,0,,,
Sep/20/2017,Release,Educação & Realidade – EDREA,pt,Educação,http://humanas.blog.scielo.org/blog/2017/09/20/educacao-infantil-que-modos-de-ser-crianca-e-professor-estamos-produzindo-em-tempos-digitais/,10.1590/2175-623660624,19,5,1,0,0,0,0,0,Link/blog. 99 likes FB blog. 3 comments indicação.,pt
Aug/23/2017,Release,Bakhtiniana: Revista de Estudos do Discurso – BAK,pt,Literatura,http://humanas.blog.scielo.org/blog/2017/08/23/bakhtinianos-brasileiros-historicos-em-bakhtiniana/,10.1590/2176-457331725,8,0,1,1,0,1 journal,0,0,Link p/blog. Blog link p/3 artigos. 42 likes FB blog.,
Aug/23/2017,Release,Bakhtiniana: Revista de Estudos do Discurso – BAK,pt,Literatura,http://humanas.blog.scielo.org/blog/2017/08/23/bakhtinianos-brasileiros-historicos-em-bakhtiniana/,10.1590/2176-457331736,8,0,1,1,0,1 journal,0,0,Link p/blog. Blog link p/3 artigos. 42 likes FB blog.,
Aug/23/2017,Release,Bakhtiniana: Revista de Estudos do Discurso – BAK,pt,Literatura,http://humanas.blog.scielo.org/blog/2017/08/23/bakhtinianos-brasileiros-historicos-em-bakhtiniana/,10.1590/2176-457331815,8,0,1,1,0,1 journal,0,0,Link p/blog. Blog link p/3 artigos. 42 likes FB blog.,
Mar/6/2017,release,Dental Press Journal of Orthodontics – DPJO,pt,Odontologia,https://pressreleases.scielo.org/blog/2017/03/06/pesquisa-aborda-insercao-de-mini-implantes-sem-angulacao-vertical/#.WekjBxNSx3k,10.1590/2177-6709.21.5.047-052.oar,4,0,0,0,,,0,,"Link p/blog em en,pt, es.",
Jul/17/2017,release,Dental Press Journal of Orthodontics – DPJO,pt,Odontologia,https://pressreleases.scielo.org/blog/2017/07/17/ligaduras-elasticas-usadas-em-pacientes-com-aparelho-ortodonticos-sofrem-manchamento/#.We_DOhNSx3k,10.1590/2177-6709.21.5.053-057.oar,4,0,0,0,0,0,0,0,Link p/blog. 6 lik FB blog.,Artigo en
Mar/22/2017,release,Dental Press Journal of Orthodontics – DPJO,pt,Odontologia,https://pressreleases.scielo.org/blog/2017/02/17/estudo-mostra-que-a-ma-oclusao-impacta-negativamente-a-qualidade-de-vida-de-adolescentes/#.WekphBNSx3k,10.1590/2177-6709.21.6.074-081.oar,2,0,0,0,,,0,,,
Sep/28/2017,Release,Dental Press Journal of Orthodontics – DPJO,pt,Odontologia,https://pressreleases.scielo.org/blog/2017/09/28/tratamento-ortodontico-melhora-funcoes-de-mastigacao-e-degluticao/#.WfIlhGhSzIU,10.1590/2177-6709.22.3.072-078.oar,8,0,0,0,0,0,0,0,"Link p/blog pt, em, es.  11 likes FB blog. Doi sem link.",english
Mar/21/2017,release,TransInformação,pt,Cientometria,http://humanas.blog.scielo.org/blog/2017/03/21/estudo-propoe-fruicao-como-novo-atributo-de-representacao-da-informacao-para-obras-de-arte-contemporanea/,10.1590/2318-08892016000300002,1,0,0,0,,,0,,Link p/blog. Blo 2 likes FB. Artigo em inglês.,
Mar/29/2017,release,TransInformação,pt,Cientometria,http://humanas.blog.scielo.org/blog/2017/03/29/pesquisa-apresenta-caminhos-contra-a-marginalizacao-social-de-italianos-e-estrangeiros/,10.1590/2318-08892016000300007,8,0,2,0,,,0,,Link p/blog,
Aug/10/2017,Release,TransInformação,en,C. Informação,http://humanas.blog.scielo.org/en/2017/08/10/monolingual-and-multilingual-information-about-the-spanish-heritage-the-case-of-wikipedia/,10.1590/2318-08892017000100002,5,0,0,0,0,0,0,0,Link p/blog. 6 likes FB blog. Post en.,Artigo en. DOI quebrado
jun/9/2017,release,TransInformação,pt,C. Informação,http://humanas.blog.scielo.org/blog/2017/06/09/arquivos-para-alem-de-um-espaco-de-organizacao/,10.1590/2318-08892017000100007,8,3,2,0,0,0,0,0,Link p/blog.  paper en. 9 likes FB blog. 2 comments indicação.,
Jul/11/2017,Release,TransInformação,pt,C. Informação,http://humanas.blog.scielo.org/blog/2017/07/11/internet-das-coisas-como-novo-paradigma-para-a-arquitetura-da-informacao/,10.1590/2318-08892017000100008.,12,1,1,1,0,1,0,4,"Link p/blog en, pt, es. 1 comment indicação. 18 likes FB no blog",
Oct/10/2017,Release,TransInformação,pt,C.Informação,http://humanas.blog.scielo.org/blog/2017/10/10/da-utopia-a-realidade-bibliotecas-sustentaveis-em-espacos-verdes-no-brasil/,10.1590/2318-08892017000200002.,12,0,2,6,0,0,1 Scielo,14,Link p/ blog. 60 likes FB blog.,pt
Aug/29/2017,Release,Revista de Administração de Empresas - RAC,pt,Administração,http://humanas.blog.scielo.org/blog/2017/08/29/rae-historia-e-tradicao-em-publicacao-cientifica/,10.1590/S0034-75901991000200001,5,0,1,0,0,0,0,0,Link p/blog. Blog link p/5 artigos. 13 likes FB blog. Video. Logo em Gif,
Aug/29/2017,Release,Revista de Administração de Empresas - RAC,pt,Administração,http://humanas.blog.scielo.org/blog/2017/08/29/rae-historia-e-tradicao-em-publicacao-cientifica/,10.1590/S0034-75902006000200008,5,0,1,0,0,0,0,0,Link p/blog. Blog link p/5 artigos. 13 likes FB blog. Video. Logo em Gif,
Aug/28/2017,Release,Revista de Administração de Empresas - RAC,pt,Administração,http://humanas.blog.scielo.org/blog/2017/08/28/rae-ha-55-anos-colaborando-para-a-producao-academica-em-administracao/,10.1590/S0034-75902006000200008.,5,0,1,0,0,0,0,0,Link p/blog. Blog link p/4 artigos. 4likes FB blog. Video. Logo em Gif,Artigo en
Aug/29/2017,Release,Revista de Administração de Empresas - RAC,pt,Administração,http://humanas.blog.scielo.org/blog/2017/08/29/rae-historia-e-tradicao-em-publicacao-cientifica/,10.1590/S0034-75902006000200008.,5,0,1,0,0,0,0,0,Link p/blog. Blog link p/5 artigos. 13 likes FB blog. Video. Logo em Gif,
Aug/30/2017,Release,Revista de Administração de Empresas - RAC,pt,Administração,http://humanas.blog.scielo.org/blog/2017/08/30/como-pesquisas-em-administracao-podem-unir-rigor-e-relevancia-para-o-desenvolvimento-das-organizacoes/,10.1590/S0034-75902011000300007,9,0,0,0,0,0,0,0,Link p/blog. 3 likes FB blog. Blog link p/2 artigos. Gif FB. Video blog.,
Aug/30/2017,Release,Revista de Administração de Empresas - RAC,pt,Administração,http://humanas.blog.scielo.org/blog/2017/08/30/estudo-bibliometrico-revela-quando-a-palavra-globalizacao-deu-lugar-a-internacionalizacao-na-pesquisa-em-administracao/,10.1590/S0034-75902011000300008,5,0,0,0,0,0,0,0,Link p/blog. 3 likes FB blog. Blog link p/2 artigos. Gif FB. Video blog.,
Ago/28/2017,Release,Revista de Administração de Empresas - RAC,pt,Administração,http://humanas.blog.scielo.org/blog/2017/08/28/fgv-escola-de-administracao-de-empresas-de-sao-paulo-uma-escola-americana/,10.1590/S0034-759020140204,4,0,1,0,0,0,0,0,Link p/blog. 3 likes FB blog. Video. Logo em Gif,Artigo en
Sep/1/2017,Release,Revista de Administração de Empresas - RAC,pt,Administração,http://humanas.blog.scielo.org/blog/2017/09/01/periodicos-cientificos-brasileiros-e-o-dilema-publicar-ou-nao-em-ingles/,10.1590/S0034-759020140204,59,1,36,0,0,0,0,0,Link p/blog.Blog link p/3 artigos. Um dos artigos já divulgado anteriormente. 107 likes FB blog.,
Aug/31/2017,Release,Revista de Administração de Empresas - RAC,pt,Administração,http://humanas.blog.scielo.org/blog/2017/08/31/como-o-empreendedorismo-pode-transformar-o-mundo/,10.1590/S0034-759020150402,5,0,2,3,3,0,0,2,Link p/blog. 21 likes FB blog. Blog link p/5 artigos. Gif FB. Video blog. Tweets en.,Artigo en
Aug/28/2017,Release,Revista de Administração de Empresas - RAC,pt,Administração,http://humanas.blog.scielo.org/blog/2017/08/28/rae-ha-55-anos-colaborando-para-a-producao-academica-em-administracao/,10.1590/S0034-759020160101,5,0,1,0,0,0,0,0,Link p/blog. Blog link p/4 artigos. 4likes FB blog. Video. Logo em Gif,Artigo en
Aug/31/2017,Release,Revista de Administração de Empresas - RAC,pt,Administração,http://humanas.blog.scielo.org/blog/2017/08/31/como-o-empreendedorismo-pode-transformar-o-mundo/,10.1590/S0034-759020160204,5,0,2,0,0,0,0,0,Link p/blog. 21 likes FB blog. Blog link p/5 artigos. Gif FB. Video blog.,
Sep/1/2017,Release,Revista de Administração de Empresas - RAC,pt,Administração,http://humanas.blog.scielo.org/blog/2017/09/01/periodicos-cientificos-brasileiros-e-o-dilema-publicar-ou-nao-em-ingles/,10.1590/S0034-759020160301,59,1,36,0,0,0,0,0,Link p/blog.Blog link p/3 artigos. Um dos artigos já divulgado anteriormente. 107 likes FB blog.,
Aug/29/2017,Release,Revista de Administração de Empresas - RAC,pt,Administração,http://humanas.blog.scielo.org/blog/2017/08/29/desafios-para-a-internacionalizacao-de-periodicos-do-brasil-quem-paga-a-conta/,10.1590/S0034-759020160304,8,0,1,0,0,0,0,0,Link p/blog. Com GIF. Video no Post. 3 likes FB blog. Doi quebrado,Artigo en
Aug/31/2017,Release,Revista de Administração de Empresas - RAC,pt,Administração,http://humanas.blog.scielo.org/blog/2017/08/31/como-o-empreendedorismo-pode-transformar-o-mundo/,10.1590/S0034-759020160305,5,0,2,0,0,0,0,0,Link p/blog. 21 likes FB blog. Blog link p/5 artigos. Gif FB. Video blog.,Artigo en
Aug/29/2017,Release,Revista de Administração de Empresas - RAC,pt,Administração,http://humanas.blog.scielo.org/blog/2017/08/29/rae-historia-e-tradicao-em-publicacao-cientifica/,10.1590/s0034-759020170101,5,0,1,0,0,0,0,0,Link p/blog. Blog link p/5 artigos. 13 likes FB blog. Video. Logo em Gif,
Aug/28/2017,Release,Revista de Administração de Empresas - RAC,pt,Administração,http://humanas.blog.scielo.org/blog/2017/08/28/rae-ha-55-anos-colaborando-para-a-producao-academica-em-administracao/,10.1590/s0034-759020170201,5,0,1,0,0,0,0,0,Link p/blog. Blog link p/4 artigos. 4likes FB blog. Video. Logo em Gif,Artigo en
Aug/30/2017,Release,Revista de Administração de Empresas - RAC,pt,Administração,http://humanas.blog.scielo.org/blog/2017/08/30/como-pesquisas-em-administracao-podem-unir-rigor-e-relevancia-para-o-desenvolvimento-das-organizacoes/,10.1590/s0034-759020170201,9,0,0,0,0,0,0,0,Link p/blog. 3 likes FB blog. Blog link p/2 artigos. Gif FB. Video blog.,
Aug/28/2017,Release,Revista de Administração de Empresas - RAC,pt,Administração,http://humanas.blog.scielo.org/blog/2017/08/28/rae-ha-55-anos-colaborando-para-a-producao-academica-em-administracao/,10.1590/s0034-759020170401,5,0,1,0,0,0,0,0,Link p/blog. Blog link p/4 artigos. 4likes FB blog. Video. Logo em GIf,Artigo en
Sep/1/2017,Release,Revista de Administração de Empresas,Pt,Administração,http://humanas.blog.scielo.org/blog/2017/09/01/rae-desafios-da-comunicacao/,10.1590/s0034-759020170401,2,0,1,0,0,0,0,0,Link p/blog. 3 likes FB blog. Video e Gif,pt
Aug/29/2017,Release,Revista de Administração de Empresas - RAC,pt,Administração,http://humanas.blog.scielo.org/blog/2017/08/29/desafios-para-a-internacionalizacao-de-periodicos-do-brasil-quem-paga-a-conta/,10.1590/s0034-759020170406,8,0,1,0,0,0,0,0,Link p/blog. Com GIF. Video no Post. 3 likes FB blog.,Artigo en
Aug/29/2017,Release,Revista de Administração de Empresas - RAC,pt,Administração,http://humanas.blog.scielo.org/blog/2017/08/29/rae-historia-e-tradicao-em-publicacao-cientifica/,10.1590/s0034-759020170407,5,0,1,0,0,0,0,0,Link p/blog. Blog link p/5 artigos. 13 likes FB blog. Video. Logo em Gif,
Aug/30/2017,Release,Revista de Administração de Empresas - RAC,pt,Administração,http://humanas.blog.scielo.org/blog/2017/08/30/estudo-bibliometrico-revela-quando-a-palavra-globalizacao-deu-lugar-a-internacionalizacao-na-pesquisa-em-administracao/,10.1590/s0034-759020170407,5,0,0,0,0,0,0,0,Link p/blog. 3 likes FB blog. Blog link p/2 artigos. Gif FB. Video blog.,
Aug/31/2017,Release,Revista de Administração de Empresas - RAC,pt,Administração,http://humanas.blog.scielo.org/blog/2017/08/31/como-o-empreendedorismo-pode-transformar-o-mundo/,10.1590/s0034-759020170410,5,0,2,0,0,0,0,0,Link p/blog. 21 likes FB blog. Blog link p/5 artigos. Gif FB. Video blog.,
jun/27/2017,Release,Cadernos Pagu,pt,Gênero,http://humanas.blog.scielo.org/blog/2017/06/27/conservadorismo-religiao-e-politica-um-dialogo-entre-brasil-e-argentina/,10.1590/S0100-85872012000200004. ,14,2,79,0,0,0,0,0,Link p/blog. 1 Comment indicação. 229 likes FB Blog. Link p/4 artigos  Video. Semana Especial CPA,
Jun/29/2017,Release,Cadernos Pagu,pt,Gênero,http://humanas.blog.scielo.org/blog/2017/06/29/violencia-e-genero-novos-debates-antigos-dilemas/,10.1590/S0102-69092008000100011,18,1,44,0,0,0,0,0,Link p/blog. 126 likes FB Blog. Link p/3 artigos  Video. 1 comment indicação. Semana Especial CPA,
Jul/21/2017,Release,Ensaio: Avaliação e Políticas Públicas em Educação,pt,Educação,http://humanas.blog.scielo.org/blog/2017/07/21/fatores-socioeconomicos-ainda-influenciam-fortemente-a-eficiencia-educacional/,10.1590/S0104-40362015000100021,10,0,2,0,0,0,0,0,Link p/blog. 16 likes blog. Link p/4 artigos. Ultimos 2 artigos não são da Ensaio,
Jan/16/2017,release,Ensaio: Avaliação e Políticas Públicas em Educação,pt,Educação,http://humanas.blog.scielo.org/blog/2017/01/16/a-field-in-construction-the-emergence-of-studies-on-governance-of-education-in-brazil/,10.1590/S0104-40362016000400008,4,0,2,0,,,0,,Link p/blog,
Mar/27/2017,release,Ensaio: Avaliação e Políticas Públicas em Educação,pt,Educação,http://humanas.blog.scielo.org/blog/2017/03/27/quais-raciocinios-fundamentam-o-plano-nacional-de-educacao-pne/,10.1590/s0104-40362017000100007.,7,1,3,1,0,1,0,3,link p/blog. Blog 20 likes FB.,
Aug/11/2017,Release,Ensaio: Avaliação e Políticas Públicas em Educação,pt,Educação,http://humanas.blog.scielo.org/blog/2017/08/11/aprendizagens-na-escola-em-tempo-integral-o-peso-das-aprendizagens-escolares/,10.1590/s0104-40362017002500483,10,1,2,0,0,0,0,0,Link p/blog. 14 likes FB blog. 1 comment indicação,
Jul/13/2017,Release,Ensaio: Avaliação e Políticas Públicas em Educação,pt,Educação,http://humanas.blog.scielo.org/blog/2017/07/13/ensino-de-ciencias-naturais-e-o-distanciamento-entre-as-prescricoes-e-o-que-realmente-acontece-nas-escolas/,10.1590/s0104-40362017002500807,7,0,1,0,0,0,0,0,Link p/ blog.,
Jul/21/2017,Release,Ensaio: Avaliação e Políticas Públicas em Educação,pt,Educação,http://humanas.blog.scielo.org/blog/2017/07/21/fatores-socioeconomicos-ainda-influenciam-fortemente-a-eficiencia-educacional/,10.1590/s0104-40362017002500811,10,0,2,0,0,0,0,0,Link p/blog. 16 likes blog. Link p/4 artigos. Ultimos 2 artigos não são da Ensaio,
Jul/6/2017,Release,Ensaio: Avaliação e Políticas Públicas em Educação,pt,Educação,http://humanas.blog.scielo.org/blog/2017/07/06/programa-de-trabalho-customizado-em-educacao-especial/,10.1590/s0104-40362017002500869,8,1,1,0,0,0,0,0,Link p/ blog.24 likes FB blog.,
Aug/3/2017,Release,Ensaio: Avaliação e Políticas Públicas em Educação,pt,Educação,http://humanas.blog.scielo.org/blog/2017/08/03/o-acesso-as-tecnologias-digitais-como-estrategia-para-a-reducao-das-desigualdades-sociais-o-prouca/,10.1590/s0104-40362017002501155,8,0,8,0,0,0,0,0,ink p/blog. Video. 18 likes FB blog.,
Apr/20/2017,Release,"história, Ciências, Saúde Manguinhos HCSM",pt,história,http://humanas.blog.scielo.org/blog/2017/04/20/identificacao-policial-no-atlantico-sul-americano/,10.1590/s0104-59702016000500010.,1,0,0,3,"1 pt, 2en ",1 journal,0,4,"Link p/blog. Altmetric, 1 Tweet do journal em en",
Jun/29/2017,Release,Cadernos Pagu,pt,Gênero,http://humanas.blog.scielo.org/blog/2017/06/29/violencia-e-genero-novos-debates-antigos-dilemas/,10.1590/S0104-83332001000100002,18,1,44,1,1,0,0,40,Link p/blog. 126 likes FB Blog. Link p/3 artigos  Video. 1 comment indicação. Semana Especial CPA. Tweet só link.,
Feb/7/2017,release,Brazilian Journal of Oceanography – BJOCE,pt,Oceanografia,https://pressreleases.scielo.org/blog/2017/02/07/processos-sucessionais-de-comunidades-incrustantes/#.WekbSxNSx3k,10.1590/s1679-87592016128706404,4,0,0,,,,0,,Link p/blog,
Jun/29/2017,Release,Cadernos Pagu,pt,Gênero,http://humanas.blog.scielo.org/blog/2017/06/29/a-producao-da-inteligibilidade-de-refugiados-e-de-vitimas-genero-sexualidade-direitos-e-narrativas-de-violencia/,10.1590/S1984-64872013000200002,6,0,12,0,0,0,0,0,Link p/blog. 77 likes FB Blog. Link p/3 artigos  Video. Semana Especial CPA,
Oct/25/2017,Release,urbe: Revista de Gestão Urbana,pt,Arquitetura,http://humanas.blog.scielo.org/blog/2017/10/25/neoliberalismo-e-a-transformacao-do-espaco-urbano/,10.4067/S0250-71612011000200002,22,6,12,0,0,0,0,0,Link p/ blog. 38 likes FB blog. Video blog. Blog link p/2 artigos. 5 Comments indicação,es
Feb/14/2017,release,Revista Ambiente & Água – AMBIAGUA,pt,Meio Ambiente,http://humanas.blog.scielo.org/blog/2017/02/14/acesso-a-agua-potavel-e-um-direito-humano/,10.4136/ambi-agua.1861,6,1,1,3,3 pt,1 journal,0,5,Link p/blog. Comentário sugestão.,
Jan/9/2017,Release,JATM - Journal of Aerospace Technology and Management,en,Eng. Aeroespacial,https://pressreleases.scielo.org/en/2017/01/09/study-shows-vulnerabilities-of-gps-dependent-systems-to-electromagnetic-attacks/,10.5028/jatm.v8i4.632,6,0,2,1,1 en Jounral,0,0,0,Link to blog,
May/29/2017,Release,JATM - Journal of Aerospace Technology and Management,en,Eng. Aeroespacial,https://pressreleases.scielo.org/en/2017/05/29/study-suggests-computational-model-to-predict-air-pollution-after-a-rocket-launching/,10.5028/jatm.v9i2.740,4,0,1,0,0,0,0,0,Link p/blog. Post e blog em en. 5 likes FB no blog.,
Oct/18/2017,Release,JATM,em,C. Aeroespacial,https://pressreleases.scielo.org/en/2017/10/18/how-importante-are-higher-education-aviation-programs-in-greece/,10.5028/jatm.v9i4.888,6,0,0,0,0,0,0,0,Link p/ blog. 24 likes FB blog.Doi sem link.,english
Jul/4/2017,Release,Revista de Economia Política - REP,pt,Economia,http://humanas.blog.scielo.org/blog/2017/07/04/historicidade-e-instituicoes-no-centro-das-relacoes-de-producao-e-de-distribuicao-por-uma-ciencia-economica-antipositivista-e-antineoclassica/,DOI: 10.1590/0101-31572016v37n01a02,3,0,0,0,0,0,0,0,"Link p/blog. 5 likes FB blog. 23 tweets, 3 Mundorama, 2 journal, 8RT. FB 5 posts, 3 users 2 RBPI, 2 Centro de Estudos de Rel. Int. Brasil Cont.",
Jul/14/2017,Release,Revista Paulista de Pediatria – RPP,pt,Medicina,https://pressreleases.scielo.org/blog/2017/07/14/mae-voce-sabe-o-que-e-o-teste-do-pezinho/#.We_B1BNSx3k,http://www.scielo.br/ape,5,0,1,2,1,1,0,1,"Link p/blog. Blog fala de um artigo mas link p/revista. 10 likesFB blog. Dados Altmetric 2, busquei pelo título do artigo citado no post do blog.",
May/22/2017,Release,Brazilian Journal of Oceanography – BJOCE,pt,Oceanografia,https://pressreleases.scielo.org/blog/2017/05/22/tsunamis-meteorologicos-devemos-nos-preocupar-com-eles/#.We5AmoZrx3k,http://www.scielo.br/bjoce,1,0,0,0,0,0,0,0,Link p/blog. Blok link p/ edição.,
jun/27/2017,Release,Ciência & Saúde Coletiva,pt,Saúde,https://pressreleases.scielo.org/blog/2017/06/27/as-conjunturas-politicas-afetam-o-desempenho-do-sus/#.We-aXRNSx3k,http://www.scielo.br/csc,6,0,1,0,0,0,0,0,Link p/blog. 10 likes FB Blog. Link p/edição.,
Jun/6/2017,release,Ciência & Saúde Coletiva,pt,Saúde,https://pressreleases.scielo.org/blog/2017/06/06/politica-publica-democracia-e-saude-a-institucionalizacao-do-sus-contribui-para-a-democratizacao-do-pais/#.We-WfBNSx3k,http://www.scielo.br/csc,8,0,2,0,0,0,0,0,Link p/blog. Blog link p/ edição. 2 likes FB blog. 11 likes FB blog.,
May/8/2017,Release,Ciência & Saúde Coletiva,pt,Saúde,https://pressreleases.scielo.org/blog/2017/05/08/sistemas-de-saude-no-brasil-e-politicas-de-regionalizacao/#.We47iIZrx3k,http://www.scielo.br/csc,7,0,1,0,0,0,0,0,Link p/ blog. Blog link p/ edição em pt.,
Oct/3/2017,Release,Ciência & Saúde Coletiva,pt,Saúde,https://pressreleases.scielo.org/blog/2017/10/03/mortes-prematuras-vidas-despedacadas-sociedade-amedrontada-o-saldo-da-violencia-que-impacta-a-saude/#.WfJn9mhSzIU,http://www.scielo.br/csc,25,2,18,0,0,0,0,0,Link p/blog. 2 comment indicação. Blog link p/edição.,
Aug/8/2017,Release,JATM - Journal of Aerospace Technology and Management,en,Eng. Aeroespacial,https://pressreleases.scielo.org/en/2017/08/08/how-small-satellites-can-change-space-science/,http://www.scielo.br/jatm,4,0,1,0,0,0,0,0,,
Apr/24/2017,release,Revista Brasileira de Política Internacional - RBPI,pt,Relações Internacionais,http://humanas.blog.scielo.org/blog/2017/04/24/sessenta-anos-de-contribuicao-para-a-formacao-do-pensamento-brasileiro-de-relacoes-internacionais-a-segunda-semana-especial-rbpi-no-blog-scielo-em-perspectiva-humanas/,http://www.scielo.br/scielo.php?script=sci_issuetoc&pid=0034-732920170001&lng=en&nrm=iso,2,0,0,0,0,0,0,,Link p/blog. Blog com video e link Edição.,
Aug/4/2017,Release,Manuscrito,pt,filosofia,http://humanas.blog.scielo.org/en/2017/08/04/manuscrito-brings-fourteen-original-contributions-to-the-philosophy-of-time/,http://www.scielo.br/scielo.php?script=sci_issuetoc&pid=0100-604520170001&lng=pt&nrm=iso,6,0,0,0,0,0,0,0,Link p/ blog. 38 likes FB blog. Link p/edição. Post e artigo em en.,Artigo en
Oct/3/2017,Release,Manuscrito,em,Literatura,http://humanas.blog.scielo.org/en/2017/10/03/manuscrito-brings-new-contributions-to-contemporary-philosophical-discussions/,http://www.scielo.br/scielo.php?script=sci_issuetoc&pid=0100-604520170002&lng=en&nrm=iso,12,0,0,0,0,0,0,0,Link p/blog. 44 likes FB blog.,english
Sep/13/2017,Release,Serviço Social & Sociedade – SSSOC,pt,Ciências Sociais,http://humanas.blog.scielo.org/blog/2017/09/13/servico-social-marcas-e-desafios/,http://www.scielo.br/scielo.php?script=sci_issuetoc&pid=0101-662820170002&lng=en&nrm=iso,5,0,0,0,0,0,0,0,"Link p/blog em, pt. 6 likes FB blog. Blog link p/edição.",pt
Jul/20/2017,Release,Revista Estudos Feministas - REF,pt,Gênero,http://humanas.blog.scielo.org/blog/2017/07/20/estudos-feministas-em-debates-contemporaneos/,http://www.scielo.br/scielo.php?script=sci_issuetoc&pid=0104-026X20170002&lng=en&nrm=iso,8,0,2,0,0,0,0,0,Link p/blog. Blog link p/edição. 37 likes FB blog.,
jun/26/2017,Release,Cadernos Pagu,pt,Gênero,http://humanas.blog.scielo.org/blog/2017/06/26/cadernos-pagu-trajetoria-e-programacao-para-a-semana-especial-do-blog-scielo-em-perspectiva-humanas/,http://www.scielo.br/scielo.php?script=sci_issuetoc&pid=0104-833320170002&lng=en&nrm=iso,14,1,45,0,0,0,0,0,Link p/blog. Comment indicação. 173 likes FB Blog. Link p/edição. Semana Especial CPA,
jun/27/2017,Release,Cadernos Pagu,pt,Gênero,http://humanas.blog.scielo.org/blog/2017/06/27/genero-e-sexualidade-no-brasil-balancos-e-desafios-atuais/,http://www.scielo.br/scielo.php?script=sci_issuetoc&pid=0104-833320170002&lng=en&nrm=iso,61,6,236,0,0,0,0,0,Link p/blog. 1 Comment indicação. 906 likes FB Blog. Link p/edição. Video. Semana Especial CPA,
Apr/12/2017,release,Varia Historia,pt,História,http://humanas.blog.scielo.org/blog/2017/04/12/ciencia-raca-e-eugenia-na-segunda-metade-do-seculo-xx-e-tema-de-destaque-em-varia-historia/,http://www.scielo.br/scielo.php?script=sci_issuetoc&pid=0104-877520170001&lng=pt&nrm=iso,10,0,0,0,0,0,0,,Link to blog. Blog link p/edição,
Jan/3/2017,Release,Ciência & Saúde Coletiva,Pt,Saúde,https://pressreleases.scielo.org/blog/2017/01/03/problemas-de-saude-e-vulnerabilidade-da-populacao-idosa/#.Wej44BNSx3k,http://www.scielo.br/scielo.php?script=sci_issuetoc&pid=1413-812320160011&lng=pt&nrm=iso,22,0,11,,,,0,,Link pro Blog. No blog link para edição,
Jan/5/2017,Release,Ciência & Saúde Coletiva,pt,Saúde,https://pressreleases.scielo.org/blog/2017/01/05/acidentes-sao-a-principal-causa-de-morte-violenta-no-mundo/#.Wej6HxNSx3k,http://www.scielo.br/scielo.php?script=sci_issuetoc&pid=1413-812320160012&lng=pt&nrm=iso,17,2,3,,,,0,,Link pro Blog. Blog link p/ edição. Comentário indicação para outra pessoa e um comentário sobre relevância do tema,
Feb/10/2017,release,Ciência & Saúde Coletiva,pt,Saúde,https://pressreleases.scielo.org/blog/2017/02/10/a-abordagem-qualitativa-cabe-na-formacao-e-na-pesquisa-medica/#.WekdGxNSx3k,http://www.scielo.br/scielo.php?script=sci_issuetoc&pid=1413-812320170001&lng=pt&nrm=iso,8,0,1,,,,0,,Link p/blog. Post p/edição. Links em ,
Feb/16/2017,release,Ciência & Saúde Coletiva,pt,Saúde,https://pressreleases.scielo.org/blog/2017/02/16/ciencia-saude-coletiva-no-concerto-dos-periodicos-nacionais/#.WekftBNSx3k,http://www.scielo.br/scielo.php?script=sci_issuetoc&pid=1413-812320170002&lng=pt&nrm=iso,7,0,0,,,,0,,Link p/blog. Blog link p/edição.,
Mar/20/2017,release,Ciência & Saúde Coletiva,pt,Saúde,https://pressreleases.scielo.org/blog/2017/03/20/rio-de-janeiro-e-lisboa-juntas-no-aprimoramento-da-atencao-basica-em-saude/#.WekoTRNSx3k,http://www.scielo.br/scielo.php?script=sci_issuetoc&pid=1413-812320170023&lng=pt&nrm=iso,6,0,0,,,,0,,Link p/blog. Blog link p/ edição,
Jul/24/2017,Release,Ciência & Saúde Coletiva,pt,Saúde,https://pressreleases.scielo.org/blog/2017/07/24/desenvolvimento-desigualdade-e-cooperacao-internacional-em-saude/#.We_JihNSx3k,http://www.scielo.br/scielo.php?script=sci_issuetoc&pid=1413-812320170027&lng=pt&nrm=iso,5,0,0,0,0,0,0,0,Link p/blog. 7 likes FB blog. Blog link p/ edição,
Aug/23/2017,Release,Ciência & Saúde Coletiva,pt,Saúde,https://pressreleases.scielo.org/blog/2017/08/23/assistencia-farmaceutica-com-foco-nas-necessidades-da-populacao/#.WfDuH0yZN3k,http://www.scielo.br/scielo.php?script=sci_issuetoc&pid=1413-812320170028&lng=pt&nrm=iso,18,2,11,0,0,0,0,0,Link p/blog. 2 comments indicação. 41 likes FB Blog. Blog link p/edição,
Sep/22/2017,Release,Psico-USF,pt,Psicologia,http://humanas.blog.scielo.org/blog/2017/09/22/esta-no-ar-a-primeira-edicao-de-2017-do-periodico-psico-usf-venha-conferir/,http://www.scielo.br/scielo.php?script=sci_issuetoc&pid=1413-827120170001&lng=en&nrm=iso,11,0,2,0,0,0,0,0,Link p/blog. Blog link edição. 16 likes FB blog., 
Mar/8/2017,release,Revista de Administração Ocntemporânea - RAC,pt,Administração,http://humanas.blog.scielo.org/blog/2017/03/08/revista-de-administracao-contemporanea-completa-20-anos-de-publicacao-e-traz-novidades-em-sua-politica-editorial/,http://www.scielo.br/scielo.php?script=sci_issuetoc&pid=1415-655520170001&lng=en&nrm=iso,4,0,0,,,,0,,Link p/blog. Blok link edição. 5 likes FB blog.,
Sep/27/2017,Release,Ágora – Estudos em Teoria Psicanalítica,pt,Medicina,http://humanas.blog.scielo.org/blog/2017/09/27/entre-o-registro-do-sujeito-e-o-registro-do-social-a-psicanalise-na-experiencia-contemporanea/,http://www.scielo.br/scielo.php?script=sci_issuetoc&pid=1516-149820170002&lng=en&nrm=iso,12,0,13,0,0,0,0,0,Link p/ blog. 13 likes FB blog. Blog link edição.,pt
jun/14/2017,release,Brazilian Administration Review,en,Administração,http://humanas.blog.scielo.org/en/2017/06/14/bars-new-issue-brings-interesting-topics-to-our-readers-such-as-social-networks-brazilian-stock-market-gender-differences-among-others/,http://www.scielo.br/scielo.php?script=sci_issuetoc&pid=1807-769220170001&lng=en&nrm=iso,5,0,0,0,0,0,0,0,"Link p/blog. Post e blog em en., 6 likes FB blog. Link p/edição.",
Sep/25/2017,Release,Brazilian Administration Review,em,Administração,http://humanas.blog.scielo.org/en/2017/09/25/internationalizing-our-publication-the-increase-in-the-number-of-submissions-to-the-bar-from-countries-located-in-different-continents/,http://www.scielo.br/scielo.php?script=sci_issuetoc&pid=1807-769220170002&lng=pt&nrm=iso,10,1,0,0,0,0,0,0,Link p/blog. 1 comment indicação. Blog link p/edição. 30 likes FB blog., 
Mar/10/2017,release,Intercom – INTERC,pt,Comunicação,http://humanas.blog.scielo.org/blog/2017/01/30/imprensa-audiovisual-e-cidadania-sao-temas-discutidos-em-intercom-revista-brasileira-de-ciencias-da-comunicacao/,http://www.scielo.br/scielo.php?script=sci_issuetoc&pid=1809-584420160002&lng=en&nrm=iso,1,0,0,,,,0,,Link p/blog. Blog link p/edição,
Mar/22/2017,release,Intercom – INTERC,pt,Comunicação,http://humanas.blog.scielo.org/blog/2017/03/22/a-publicacao-revista-intercom-discute-democratizacao-participacao-e-revelacoes-da-pesquisa-em-comunicacao/,http://www.scielo.br/scielo.php?script=sci_issuetoc&pid=1809-584420160003&lng=en&nrm=iso,6,0,0,,,,0,,"Link p/blog. Blog 2 likes FB, link p/edição",
Sep/15/2017,Release,"Trabalho, Educação e Saúde – TES",pt,Educação,http://humanas.blog.scielo.org/blog/2017/09/15/os-efeitos-da-nova-lei-da-terceirizacao-e-a-educacao-profissional-em-saude-como-contraponto/,http://www.scielo.br/scielo.php?script=sci_issuetoc&pid=1981-774620170002&lng=pt&nrm=iso,12,1,0,0,0,0,0,0,"Link p/blog pt,en,es. 37 likes FB blog. 1 comment indicação. Link p/edição blog.",pt
Oct/12/2017,Release,Boletim do Museu Paraense Emílio Goeldi. Ciências Humanas – BGOELDI,pt,C.Humanas,http://humanas.blog.scielo.org/blog/2017/10/16/historia-e-arte-latino-americanas-sao-tema-do-periodico-boletim-do-museu-paraense-emilio-goeldi/,http://www.scielo.br/scielo.php?script=sci_issuetoc&pid=1981-812220170002&lng=pt&nrm=iso,12,2,1,0,0,0,0,0,Link p/ blog. 25 likes FB blog. Blog link p/edição. Comment indicação,pt
Mar/3/2017,release,Revista Bioética – BIOET,pt,Ética,http://humanas.blog.scielo.org/blog/2017/03/03/bioetica-na-medida-como-estimular-a-etica-na-vida-social/,http://www.scielo.br/scielo.php?script=sci_issuetoc&pid=1983-804220160003&lng=en&nrm=iso,8,2,2,,,,0,,Link p/blog. Blog link p/edição,
May/26/2017,Release,Revista Bioética – BIOET,pt,Ética,http://humanas.blog.scielo.org/blog/2017/05/26/bioetica-e-essencial/,http://www.scielo.br/scielo.php?script=sci_issuetoc&pid=1983-804220170001&lng=en&nrm=iso,18,0,12,0,0,0,0,0,Link p/blog. Blog link p/edição.,
Jan/12/2017,release,Urbe,pt,Urbanismo,http://humanas.blog.scielo.org/blog/2017/01/12/urbe-retrata-questoes-inerentes-ao-processo-de-planejamento-urbano-de-cidades-do-brasil-chile-e-franca/,http://www.scielo.br/scielo.php?script=sci_issuetoc&pid=2175-336920160003&lng=en&nrm=iso,2,0,0,,,,0,,Link p/blog. Link p/ediçnao,
Oct/23/2017,Release,urbe: Revista de Gestão Urbana,pt,Arquitetura,http://humanas.blog.scielo.org/blog/2017/10/23/urbe-na-semana-especial-do-blog-scielo-em-perspectiva-humanas/,http://www.scielo.br/scielo.php?script=sci_issuetoc&pid=2175-336920170003&lng=en&nrm=iso,11,0,1,0,0,0,0,0,"Link p/ blog. 66 likes FB blog. Video FB, blog. Blog link edição.",pt
May/2/2017,Release,Estudos de Literatura Brasileira Cntemporânea,pt,Literatura,http://humanas.blog.scielo.org/blog/2017/05/02/estudos-de-literatura-brasileira-contemporanea-comemora-a-publicacao-de-seu-50o-numero/,http://www.scielo.br/scielo.php?script=sci_issuetoc&pid=2316-401820170001&lng=pt&nrm=iso,6,0,5,0,0,0,0,0,,
Apr/25/2017,Release,Revista Brasileira de Política Internacional - RBPI,pt,relações Internacionais,http://humanas.blog.scielo.org/blog/2017/04/25/a-rbpi-e-o-pensamento-brasileiro-de-relacoes-internacionais-entrevista-com-paulo-roberto-de-almeida/,http://www.scielo.br/scielo.php?script=sci_serial&pid=0034-7329&lng=en&nrm=iso,2,0,0,0,0,0,0,,Link p/blog. 6 likes FB no blog + video. Link p/ edição,
Mar/23/2017,release,Contexto Internacional – CINT,en,Relações Internacionais,http://humanas.blog.scielo.org/en/2017/03/23/temporal-worlds-within-and-beyond-the-colonial-legacies-of-linear-time/,http://www.scielo.br/scielo.php?script=sci_serial&pid=0102-8529&lng=en&nrm=iso,0,0,1,,,,0,,Link p/blog en. Blog link p/edição,
Aug/7/2017,Release,Acta Paulista de Enfermagem,pt,Enfermagem,https://pressreleases.scielo.org/blog/2017/08/07/blogs-tematicos-sobre-a-perda-de-um-filho-uma-estrategia-de-enfrentamento-e-mediacao-do-luto-de-maes/#.WfDfHUyZN3k,http://www.scielo.br/scielo.php?script=sci_serial&pid=0103-2100&lng=en&nrm=iso,8,0,3,0,0,0,0,0,"Link p/blog pt, en. 116 likes FB blog. Blog link p/edição.",
Feb/17/2017,release,Dental Press Journal of Orthodontics – DPJO,pt,Odontologia,https://pressreleases.scielo.org/blog/2017/02/17/estudo-mostra-que-a-ma-oclusao-impacta-negativamente-a-qualidade-de-vida-de-adolescentes/#.WekgLBNSx3k,http://www.scielo.br/scielo.php?script=sci_serial&pid=2176-9451&lng=en&nrm=iso,5,0,1,,,,0,,"Link p/blog pt, en, es. Blog link p/edição.",
Jun/30/2017,Release,Cadernos Pagu,pt,Gênero,http://humanas.blog.scielo.org/blog/2017/06/30/cadernos-pagu-desafios-nossas-respostas-e-novidades/,www.scielo.br/cpa,9,0,13,0,0,0,0,0,Link p/blog. 95 likes FB blog. Link p/edição. Video,
Aug/31/2017,Release,Revista de Administração de Empresas - RAC,pt,Administração,http://humanas.blog.scielo.org/blog/2017/08/31/como-a-qualidade-na-pesquisa-cientifica-em-administracao-afeta-o-desenvolvimento-do-pais/,www.scielo.br/rae,4,0,0,0,0,0,0,0,Link p/blog. 3 likes FB blog. Blog link p//edição. Gif FB. Video blog.,
Aug/15/2017,Release,Revista Brasileira de Estudos Pedagógicos -RBEP,pt,Educação,http://humanas.blog.scielo.org/blog/2017/08/15/rbep-revista-brasileira-de-estudos-pedagogicos-n-248-discute-politicas-educacionais-e-cotidiano-escolar-praticas-pedagogicas-e-carreira-docente/,www.scielo.br/rbeped/,20,2,12,0,0,0,0,0,Link p/blog. 1 comment indicação. 42 likes FB Blog.,
Apr/26/2017,Release,Revista Brasileira de Política Internacional - RBPI,pt,relações Internacionais,http://humanas.blog.scielo.org/blog/2017/04/26/a-rbpi-e-uma-ideia-de-modernizacao-e-de-desenvolvimento-entrevista-com-amado-cervo/,www.scielo.br/rbpi,1,0,0,0,0,0,0,0,Link p/blog. Blog link p/ edição. 2 likes FB blog.,
Apr/27/2017,Release,Revista Brasileira de Política Internacional - RBPI,pt,Relações Internacionais,http://humanas.blog.scielo.org/blog/2017/04/27/a-rbpi-e-uma-ideia-de-internacionalizacao-entrevista-com-eduardo-viola/,www.scielo.br/rbpi,4,0,0,0,0,0,0,0,Link p/blog com video. Blog link p/ edição. 5 likes FB blog.,
Oct/25/2017,Release,urbe: Revista de Gestão Urbana,pt,Arquitetura,http://humanas.blog.scielo.org/blog/2017/10/25/improvisacao-deliberada-e-planejamento-urbano-contemporaneo-reflexoes-com-o-professor-enrique-silva-do-lincoln-institute/,www.scielo.br/urbe,4,1,0,0,0,0,0,0,Link p/ blog. 13 likes FB blog. Video blog. Blog link edição. Comment indicação,
Feb/22/2017,Notícia,,pt,Editoração,,,34,3,18,,,,0,,"Link p/ blog en, pt, es. Cometário 2 sugestão, uma pergunta.181 likes FB no blog.",
Jan/6/2017,Notícia,,pt,Falecimento,,,29,2,1,,,,0,,Foto,
Mar/24/2017,Nota,,pt,Editoração,,,15,0,7,,,,0,,sem link. Com foto.,
Mar/3/2017,Notícia,,pt,Cientometria,,,18,0,16,,,,0,,"Linkp/blog em en, pt, es. 59 likes blog pt.",
May/12/2017,Nota,Scielo,pt,Editoração,,,10,0,1,0,0,0,0,0,Apenas nota com foto.,
May/12/2017,Release,Boletim Museu Paraaense Emílio Goeldi; Ciências Humanas,pt,Ciências Humanas,http://humanas.blog.scielo.org/blog/2017/05/12/museu-lanca-primeira-edicao-de-2017-do-boletim-de-ciencias-humanas/,,4,0,1,0,0,0,0,0,Link p/blog. Blog 47 likes. Blog link p/ edição.,
Oct/25/2017,Notícia,Scielo,pt,Ética,http://blog.scielo.org/blog/2017/10/25/uma-solucao-estatistica-para-a-crise-de-replicacao-na-ciencia-publicado-originalmente-no-the-conversation-em-outubro2017/#.WfN1AkyZN3k,,10,1,2,0,0,0,0,0,"Link p/ blog en,pt, es. 22 likes FB blog. 1 comment indicação",
Sep/4/2017,Nota,Scielo,pt,Newsletter,http://eepurl.com/CmTs5,,2,0,0,0,0,0,0,0,,pt
